old_url,new_url,match_type,confidence,notes
https://www.weldingandwelder.com/category/welding-equipment/,/mig-welding/welders/welding-equipment,exact,high,Subcategory override: 'Welding Equipment' → /mig-welding/welders/welding-equipment
https://www.weldingandwelder.com/category/welding-equipment/oxy-acetylene-cutting-welding/oxy-fuel-nozzles/gas-cutting-nozzles/,/cutting/nozzles/gas-cutting-and-gouging-nozzles,exact,high,Subcategory override: 'Gas Cutting & Gouging Nozzles' → /cutting/nozzles/gas-cutting-and-gouging-nozzles
https://www.weldingandwelder.com/category/safety-equipment/welding-helmets/welding-helmet-spares/,/safety/helmets/spares,exact,high,Item match: Welding Helmet Spares
https://www.weldingandwelder.com/category/welding-equipment/tool-balancers/,/machines/tool-balancers,exact,high,Item match: Tool Balancers
https://www.weldingandwelder.com/category/deals/,/offers-deals,exact,high,Red banner strip → /offers-deals
https://www.weldingandwelder.com/category/gas-welding-equipment/welding-gas-hoses/welding-hose-cutting-hose/welding-hoses-fitted-single-lengths/,/gas-oxy-fuel/hoses,exact,high,Column-level href ([Sub-cat])
https://www.weldingandwelder.com/category/safety-equipment/welding-helmets/welding-helmet/,/safety/helmets/auto-darkening,exact,high,Item match: Auto-Darkening Welding Helmets
https://www.weldingandwelder.com/category/welding-equipment/welder-generators/generators-welder-generators/,/machines/generators,exact,high,Item match: Generators
https://www.weldingandwelder.com/category/welding-fume-extraction/kemper-fume-extraction-equipment/kemper-filters/,/safety/fume/kemper-spares/kemper-filters,exact,high,Subcategory override: 'Kemper Filters' → /safety/fume/kemper-spares/kemper-filters
https://www.weldingandwelder.com/category/welding-equipment/tig-welding-machines/,/tig-welding/welders/tig-welders,exact,high,Subcategory override: 'TIG Welders' → /tig-welding/welders/tig-welders
https://www.weldingandwelder.com/category/welding-equipment/welder-generators/spares-accessories-welder-generators/,/machines/generators/spares,exact,high,Item match: Spares & Accessories
https://www.weldingandwelder.com/category/welding-equipment/spot-welders/,/mig-welding/welders/spot-welders,exact,high,Subcategory override: 'Spot Welders' → /mig-welding/welders/spot-welders
https://www.weldingandwelder.com/category/gas-welding-equipment/gas-regulators/inert-gas-regulators/,/gas-oxy-fuel/regulators/inert,exact,high,Item match: Inert Gas Regulators
https://www.weldingandwelder.com/category/welding-fume-extraction/f-tech-fume-extraction/,/safety/fume/f-tech,exact,high,Item match: F-Tech Fume Extraction
https://www.weldingandwelder.com/category/gas-welding-equipment/gas-cylinder-storage-handling/gas-cylinder-trolleys-handling/gas-cylinder-trolleys/,/gas-oxy-fuel/storage/trolleys,exact,high,Item match: Gas Cylinder Trolleys
https://www.weldingandwelder.com/category/welding-tools-benches/welding-tools-marking/temperature-indicator-pens/,/workshop/tools/temp-pens,exact,high,Item match: Temperature Indicator Pens
https://www.weldingandwelder.com/category/pipe-stands-pipe-clamps/pipe-welding-clamps/,/workshop/pipe/clamps/pipe-welding-clamps,exact,high,Subcategory override: 'Pipe Welding Clamps' → /workshop/pipe/clamps/pipe-welding-clamps
https://www.weldingandwelder.com/category/pipe-stands-pipe-clamps/pipe-cutting-equipment/pipe-bevellers/,/workshop/pipe/bevelling/pipe-bevelling-machines-and-tools,exact,high,Subcategory override: 'Pipe Bevelling Machines & Tools' → /workshop/pipe/bevelling/pipe-bevelling-machines-and-tools
https://www.weldingandwelder.com/category/welding-fume-extraction/kemper-fume-extraction-equipment/kemper-fume-extraction-spares/kemper-extraction-arms-hoods/,/safety/fume/kemper-spares/kemper-exhaust-arms-and-hoods,exact,high,Subcategory override: 'Kemper Exhaust Arms & Hoods' → /safety/fume/kemper-spares/kemper-exhaust-arms-and-hoods
https://www.weldingandwelder.com/category/safety-equipment/welding-gloves/,/safety/gloves,exact,high,Item match: Welding Gloves & Gauntlets
https://www.weldingandwelder.com/category/welding-consumables/tig-welding-supplies/tig-welding-torches-spares/weldcraft-tig-torch-spares/,/tig-welding/torches/all,exact,high,Item match: TIG Torches & Spare Parts
https://www.weldingandwelder.com/category/air-tools-air-compressors/air-compressors/air-compressors-belt-driven/,/workshop/compressors/belt-driven,exact,high,Item match: Belt Driven Compressors
https://www.weldingandwelder.com/category/gas-welding-equipment/gas-regulators/fuel-regulators/,/gas-oxy-fuel/regulators/fuel,exact,high,Item match: Fuel Gas Regulators
https://www.weldingandwelder.com/category/welding-equipment/oxy-acetylene-cutting-welding/oxy-acetylene-welding-rods/oxy-acetylene-welding-rods-brazing/,/gas-oxy-fuel/rods/brazing,exact,high,Item match: Brazing Rods
https://www.weldingandwelder.com/category/pipe-stands-pipe-clamps/pipe-cutting-equipment/pipe-saws/exact-pipe-saws-pipe-saws/pipe-saw-spares-roller-supports/,/workshop/pipe/saws/spares,exact,high,Item match: Pipe Saw Spares & Supports
https://www.weldingandwelder.com/category/plasma-cutters-gas-cutting/plasma-cutting-equipment/jasic-plasma-cutting-spares/,/cutting/plasma/jasic-spares,exact,high,Item match: Jasic Plasma Spares
https://www.weldingandwelder.com/category/welding-tools-benches/magswitch-magnetic-positioners/work-holding-devices-fixed-angle/,/workshop/positioners/work-holding-devices-fixed-angle,exact,high,Subcategory override: 'Work Holding Devices - Fixed Angle' → /workshop/positioners/work-holding-devices-fixed-angle
https://www.weldingandwelder.com/category/gas-welding-equipment/gas-regulators/gas-arc-high-pressure-gas-regulators/gas-arc-cylinder-mounted-gas-regulators/,/gas-oxy-fuel/regulators/gas-arc-cylinder-mounted-gas-regulators,exact,high,Subcategory override: 'Gas Arc Cylinder Mounted Gas Regulators' → /gas-oxy-fuel/regulators/gas-arc-cylinder-mounted-gas-regulators
https://www.weldingandwelder.com/category/gas-welding-equipment/gas-regulators/gas-arc-high-pressure-gas-regulators/,/gas-oxy-fuel/regulators/gas-arc-regulators,exact,high,Subcategory override: 'Gas Arc Regulators' → /gas-oxy-fuel/regulators/gas-arc-regulators
https://www.weldingandwelder.com/category/welding-consumables/tig-welding-supplies/tungsten-electrodes/lanthanated-tungsten-electrodes/,/tig-welding/tungsten/lanthanated,exact,high,Item match: Lanthanated Tungsten
https://www.weldingandwelder.com/category/welding-fume-extraction/kemper-fume-extraction-equipment/kemper-fume-extraction-spares/kemper-lighting-sets-start-stop/,/safety/fume/kemper-spares/kemper-lighting-sets-and-start-stop-sets,exact,high,Subcategory override: 'Kemper Lighting Sets & Start-Stop Sets' → /safety/fume/kemper-spares/kemper-lighting-sets-and-start-stop-sets
https://www.weldingandwelder.com/category/pipe-stands-pipe-clamps/pipe-welding-stands/v-head-stands/tri-stands/,/workshop/pipe/stands/v-head/tri-stands-and-pipe-jacks,exact,high,Subcategory override: 'Tri-Stands & Pipe Jacks' → /workshop/pipe/stands/v-head/tri-stands-and-pipe-jacks
https://www.weldingandwelder.com/category/welding-consumables/mma-arc-welding-supplies/mma-stick-electrodes/electrodes-steel-low-hydrogen/,/arc-mma/electrodes/steel,exact,high,Item match: Steel & Low Hydrogen
https://www.weldingandwelder.com/category/metal-saws-mag-drills/metal-cut-off-saws-chop-saws/circular-saw-blades/,/machines/saws/circular/circular-saw-blades,exact,high,Subcategory override: 'Circular Saw Blades' → /machines/saws/circular/circular-saw-blades
https://www.weldingandwelder.com/category/welding-fume-extraction/kemper-fume-extraction-equipment/kemper-filter-tables/,/safety/fume/kemper-tables,exact,high,Item match: Kemper Filter Tables
https://www.weldingandwelder.com/category/welding-equipment/mig-welding-machines/,/mig-welding/welders/mig-welders,exact,high,Subcategory override: 'MIG Welders' → /mig-welding/welders/mig-welders
https://www.weldingandwelder.com/category/safety-equipment/welding-screens-welding-curtains/welding-curtains-frames-standard/,/safety/screens/welding-curtains-and-frames-standard,exact,high,Subcategory override: 'Welding Curtains & Frames - Standard' → /safety/screens/welding-curtains-and-frames-standard
https://www.weldingandwelder.com/category/gas-welding-equipment/gas-manifolds/manifold-regulator-spares/,/gas-oxy-fuel/manifolds/manifold-and-regulator-parts-connectors,exact,high,Subcategory override: 'Manifold & Regulator Parts/Connectors' → /gas-oxy-fuel/manifolds/manifold-and-regulator-parts-connectors
https://www.weldingandwelder.com/category/air-tools-air-compressors/air-compressors/air-compressor-spares/,/workshop/air-tools/hoses/air-compressor-hoses-and-accessories,exact,high,Subcategory override: 'Air Compressor Hoses & Accessories' → /workshop/air-tools/hoses/air-compressor-hoses-and-accessories
https://www.weldingandwelder.com/category/pipe-stands-pipe-clamps/pipe-welding-stands/roller-pipe-stands/multi-stand-pipe-stands/,/workshop/pipe/stands/roller/multi-stand-pipe-stands,exact,high,Subcategory override: 'Multi-Stand Pipe Stands' → /workshop/pipe/stands/roller/multi-stand-pipe-stands
https://www.weldingandwelder.com/category/welding-consumables/mma-arc-welding-supplies/mma-stick-electrodes/hard-surfacing-welding-electrodes/,/arc-mma/electrodes/hard-surfacing,exact,high,Item match: Hard Surfacing
https://www.weldingandwelder.com/category/safety-equipment/welding-screens-welding-curtains/welding-curtain-frames-arms/,/safety/screens/welding-curtain-frames-and-arms,exact,high,Subcategory override: 'Welding Curtain Frames & Arms' → /safety/screens/welding-curtain-frames-and-arms
https://www.weldingandwelder.com/category/gas-welding-equipment/gas-regulators/oxygen-regulators/,/gas-oxy-fuel/regulators/oxygen,exact,high,Item match: Oxygen Regulators
https://www.weldingandwelder.com/category/safety-equipment/welding-blankets/,/safety/blankets,exact,high,Item match: Welding Blankets & Mats
https://www.weldingandwelder.com/category/gas-welding-equipment/welding-gas-hoses/gas-arc-high-pressure-gas-hoses/gases-other-than-oxyoxy-mixture/,/gas-oxy-fuel/hoses/high-pressure/gases-other-than-oxy-oxy-mixture,exact,high,Subcategory override: 'Gases other than Oxy/Oxy Mixture' → /gas-oxy-fuel/hoses/high-pressure/gases-other-than-oxy-oxy-mixture
https://www.weldingandwelder.com/category/air-tools-air-compressors/air-tools/air-impact-wrenches/,/workshop/air-tools/impact-wrenches,exact,high,Item match: Air Impact Wrenches
https://www.weldingandwelder.com/category/welding-equipment/multi-process-welding/,/mig-welding/multi-process,exact,high,Item match: Multi Process Welders
https://www.weldingandwelder.com/category/air-tools-air-compressors/air-compressors/screw-compressors/,/workshop/compressors/screw,exact,high,Item match: Screw Compressors
https://www.weldingandwelder.com/category/welding-equipment/welder-generators/filter-kits-servicing/,/machines/generators/servicing,exact,high,Item match: Filter Kits & Servicing
https://www.weldingandwelder.com/category/metal-saws-mag-drills/broaching-cutters-metal-saws-mag-drills/,/machines/broaching-cutters,exact,high,Item match: Broaching Cutters
https://www.weldingandwelder.com/category/plasma-cutters-gas-cutting/plasma-cutting-equipment/plasma-cutting-machines/,/cutting/plasma/cutters,exact,high,Item match: Plasma Cutters
https://www.weldingandwelder.com/category/welding-equipment/plate-bevellers/,/cutting/bevellers,exact,high,Item match: Plate Bevellers
https://www.weldingandwelder.com/category/gas-welding-equipment/gas-flow-components/flash-back-arrestors/,/gas-oxy-fuel/flashback-arrestors,exact,high,Item match: Flashback Arrestors
https://www.weldingandwelder.com/category/welding-equipment/tungsten-grinders-for-tig-welding/handheld-tungsten-grinders/,/tig-welding/tungsten-grinders/handheld,exact,high,Item match: Tungsten Grinders - Handheld
https://www.weldingandwelder.com/category/welding-consumables/mma-arc-welding-supplies/mma-stick-electrodes/stainless-steel-welding-electrodes/,/tig-welding/filler-rods/stainless/stainless-steel-welding-electrodes,exact,high,Subcategory override: 'Stainless Steel Welding Electrodes' → /tig-welding/filler-rods/stainless/stainless-steel-welding-electrodes
https://www.weldingandwelder.com/category/welding-consumables/tig-welding-supplies/tig-welding-rods/tig-filler-rods-for-stainless-steel/,/tig-welding/filler-rods/stainless/tig-filler-rods-for-stainless-steel,exact,high,Subcategory override: 'TIG Filler Rods for Stainless Steel' → /tig-welding/filler-rods/stainless/tig-filler-rods-for-stainless-steel
https://www.weldingandwelder.com/category/welding-equipment/weld-cleaning-machines/stainless-steel-weld-cleaning/bymat-weld-cleaning-machines/,/tig-welding/weld-cleaning/bymat-weld-cleaning-machines,exact,high,Subcategory override: 'Bymat Weld Cleaning Machines' → /tig-welding/weld-cleaning/bymat-weld-cleaning-machines
https://www.weldingandwelder.com/category/gas-welding-equipment/gas-hose-and-regulator-fittings/cylinder-fittings/cylinder-connectors/,/gas-oxy-fuel/cylinder-fittings/cylinder-connectors,exact,high,Subcategory override: 'Cylinder Connectors' → /gas-oxy-fuel/cylinder-fittings/cylinder-connectors
https://www.weldingandwelder.com/category/welding-consumables/mma-arc-welding-supplies/electrode-holders-mma/,/arc-mma/electrode-holders,exact,high,Item match: Electrode Holders
https://www.weldingandwelder.com/category/welding-equipment/spot-welders/portable-spot-welders/,/machines/spot-welders/portable,exact,high,Item match: Spot Welders - Portable
https://www.weldingandwelder.com/category/welding-equipment/oxy-acetylene-cutting-welding/oxy-fuel-torches/gas-cutting-torches/,/gas-oxy-fuel/torches/cutting,exact,high,Item match: Gas Cutting Torches
https://www.weldingandwelder.com/category/welding-equipment/powder-welding/,/machines/thermal-spray/thermal-spray-equipment-and-powder,exact,high,Subcategory override: 'Thermal Spray Equipment & Powder' → /machines/thermal-spray/thermal-spray-equipment-and-powder
https://www.weldingandwelder.com/category/welding-tools-benches/welding-tools-marking/welding-tools/,/workshop/tools,exact,high,Column-level href ([Parent])
https://www.weldingandwelder.com/category/safety-equipment/welding-tents-work-shelters/,/safety/tents,exact,high,Item match: Welding Tents & Shelters
https://www.weldingandwelder.com/category/safety-equipment/welding-clothing/welding-caps-balaclavas/,/safety/clothing/caps,exact,high,Item match: Welding Caps & Balaclavas
https://www.weldingandwelder.com/category/welding-consumables/tig-welding-supplies/tig-welding-torches-spares/,/tig-welding/torches/all,exact,high,Item match: TIG Torches & Spare Parts
https://www.weldingandwelder.com/category/welding-consumables/mma-arc-welding-supplies/welding-cable/welding-cable-sets/,/arc-mma/cable/sets,exact,high,Item match: Welding Cable Sets
https://www.weldingandwelder.com/category/welding-consumables/mma-arc-welding-supplies/welding-cable/welding-cable-plugs-sockets/,/arc-mma/cable/plugs-sockets,exact,high,Item match: Cable Plugs & Sockets
https://www.weldingandwelder.com/category/welding-equipment/welder-generators/,/machines/generators/welder,exact,high,Item match: Welder Generators
https://www.weldingandwelder.com/category/pipe-stands-pipe-clamps/pipe-cutting-equipment/pipe-cutting-machines/manual-pipe-cutting-machine-spares/,/workshop/pipe/cutting-machines/spares/manual-pipe-cutting-machine-spares,exact,high,Subcategory override: 'Manual Pipe Cutting Machine Spares' → /workshop/pipe/cutting-machines/spares/manual-pipe-cutting-machine-spares
https://www.weldingandwelder.com/category/welding-consumables/tig-welding-supplies/tungsten-electrodes/thoriated-tungsten-electrodes/,/tig-welding/tungsten/thoriated,exact,high,Item match: Thoriated Tungsten
https://www.weldingandwelder.com/category/welding-equipment/stud-welding-equipment/stud-welders-capacitor-discharge-cd/,/arc-mma/stud-welding/cd-welders/stud-welders-capacitor-discharge-cd,exact,high,Subcategory override: 'Stud Welders - Capacitor Discharge (CD)' → /arc-mma/stud-welding/cd-welders/stud-welders-capacitor-discharge-cd
https://www.weldingandwelder.com/category/gas-welding-equipment/welding-gas-hoses/welding-hose-cutting-hose/twin-welding-hoses/twin-welding-hoses-fitted-set/,/gas-oxy-fuel/hoses/twin/twin-welding-hoses-fitted-set,exact,high,Subcategory override: 'Twin Welding Hoses - Fitted Set' → /gas-oxy-fuel/hoses/twin/twin-welding-hoses-fitted-set
https://www.weldingandwelder.com/category/welding-equipment/spot-welders/spot-welding-spares/,/machines/spot-welders/electrodes,exact,high,Item match: Spot Welding Electrodes
https://www.weldingandwelder.com/category/welding-equipment/arc-mma-welders/,/arc-mma/welders/arc-mma-welders,exact,high,Subcategory override: 'Arc/MMA Welders' → /arc-mma/welders/arc-mma-welders
https://www.weldingandwelder.com/category/pipe-stands-pipe-clamps/pipe-welding-clamps/spider-pipe-clamps/,/workshop/pipe/clamps/spider,exact,high,Item match: Spider Clamps
https://www.weldingandwelder.com/category/pipe-stands-pipe-clamps/pipe-cutting-equipment/pipe-cutting-machines/automatic-pipe-cutting-machine-spares/,/workshop/pipe/cutting-machines/spares/automatic-pipe-cutting-machine-spares,exact,high,Subcategory override: 'Automatic Pipe Cutting Machine Spares' → /workshop/pipe/cutting-machines/spares/automatic-pipe-cutting-machine-spares
https://www.weldingandwelder.com/category/welding-consumables/tig-welding-supplies/tungsten-electrodes/zirconiated-tungsten-electrodes/,/tig-welding/tungsten/zirconiated,exact,high,Item match: Zirconiated Tungsten
https://www.weldingandwelder.com/category/welding-consumables/tig-welding-supplies/tungsten-electrodes/ceriated-tungsten-electrodes/,/tig-welding/tungsten/ceriated,exact,high,Item match: Ceriated Tungsten
https://www.weldingandwelder.com/category/welding-consumables/tig-welding-supplies/tig-welding-rods/tig-filler-rods-for-mild-steel/,/tig-welding/filler-rods/mild-steel/tig-filler-rods-for-mild-steel,exact,high,Subcategory override: 'TIG Filler Rods for Mild Steel' → /tig-welding/filler-rods/mild-steel/tig-filler-rods-for-mild-steel
https://www.weldingandwelder.com/category/welding-consumables/mma-arc-welding-supplies/welding-cable/welding-cable-copper-pvc/,/arc-mma/cable/pvc,exact,high,Item match: Welding Cable (Copper/PVC)
https://www.weldingandwelder.com/category/welding-equipment/oxy-acetylene-cutting-welding/oxy-acetylene-welding-rods/copper-phosphorous-welding-rods/,/gas-oxy-fuel/rods/copper-phosphorus,exact,high,Item match: Copper Phosphorus Rods
https://www.weldingandwelder.com/category/air-tools-air-compressors/air-compressors/petrol-air-compressors/,/workshop/compressors/petrol,exact,high,Item match: Petrol Air Compressors
https://www.weldingandwelder.com/category/welding-consumables/welding-chemicals-sprays/leak-detection-spray/,/workshop/chemicals/leak-detection-spray,exact,high,Subcategory override: 'Leak Detection Spray' → /workshop/chemicals/leak-detection-spray
https://www.weldingandwelder.com/category/gas-welding-equipment/welding-gas-hoses/welding-hose-cutting-hose/welding-hoses-bulk-coils/,/gas-oxy-fuel/hoses,exact,high,Column-level href ([Sub-cat])
https://www.weldingandwelder.com/category/safety-equipment/welding-clothing/welding-jackets/,/safety/clothing/jackets,exact,high,Item match: Welding Jackets
https://www.weldingandwelder.com/category/welding-consumables/tig-welding-supplies/tig-welding-rods/tig-filler-rods-for-aluminium/,/tig-welding/filler-rods/aluminium,exact,high,Item match: Aluminium
https://www.weldingandwelder.com/category/welding-fume-extraction/kemper-fume-extraction-equipment/kemper-fume-extraction-spares/kemper-fans/,/safety/fume/kemper-spares/kemper-fans,exact,high,Subcategory override: 'Kemper Fans' → /safety/fume/kemper-spares/kemper-fans
https://www.weldingandwelder.com/category/welding-equipment/oxy-acetylene-cutting-welding/cutting-welding-sets/,/gas-oxy-fuel/sets,exact,high,Item match: Cutting & Welding Sets
https://www.weldingandwelder.com/category/welding-fume-extraction/kemper-fume-extraction-equipment/kemper-mobile-fume-extraction/,/safety/fume/kemper-mobile,exact,high,Column fallback for item 'Kemper Mobile Fume Extraction'
https://www.weldingandwelder.com/category/welding-consumables/mig-welding-supplies/mig-welding-wire/steel-mig-wire/,/mig-welding/wire/mild-steel,exact,high,Item match: Mild Steel MIG Wire
https://www.weldingandwelder.com/category/air-tools-air-compressors/air-tools/air-drills/,/workshop/air-tools/drills,exact,high,Item match: Air Drills
https://www.weldingandwelder.com/category/plasma-cutters-gas-cutting/cutting-nozzles-gouging-nozzles/oxy-acetylene-cutting-nozzles-anme/vvc-cutting-nozzles/,/cutting/nozzles/vvc,exact,high,Item match: VVC Cutting Nozzles
https://www.weldingandwelder.com/category/welding-tools-benches/welding-benches-work-benches/medium-duty-welding-benches/,/workshop/benches/medium-duty,exact,high,Item match: Medium Duty Welding Benches
https://www.weldingandwelder.com/category/welding-tools-benches/welding-benches-work-benches/stainless-steel-work-benches/stainless-steel-work-benches-with-drawer-cupboard/,/workshop/benches/stainless/stainless-steel-work-benches-with-drawer-and-cupboard,exact,high,Subcategory override: 'Stainless Steel Work Benches with Drawer & Cupboard' → /workshop/benches/stainless/stainless-steel-work-benches-with-drawer-and-cupboard
https://www.weldingandwelder.com/category/welding-tools-benches/welding-benches-work-benches/stainless-steel-work-benches/stainless-steel-work-benches-lower-shelves/,/workshop/benches/stainless/stainless-steel-work-benches-with-lower-shelves,exact,high,Subcategory override: 'Stainless Steel Work Benches with Lower Shelves' → /workshop/benches/stainless/stainless-steel-work-benches-with-lower-shelves
https://www.weldingandwelder.com/category/safety-equipment/welding-helmets/welding-masks/,/safety/helmets/masks,exact,high,Item match: Welding Masks
https://www.weldingandwelder.com/category/safety-equipment/welding-clothing/welding-overalls/,/safety/clothing/overalls,exact,high,Item match: Welding Overalls
https://www.weldingandwelder.com/category/welding-consumables/mig-welding-supplies/mig-welding-wire/brazing-mig-wire/,/mig-welding/wire/brazing,exact,high,Item match: Brazing MIG Wire
https://www.weldingandwelder.com/category/pipe-stands-pipe-clamps/weld-purging-equipment/double-seal-weld-purging/,/workshop/pipe/purging/double-seal-purge-systems,exact,high,Subcategory override: 'Double Seal Purge Systems' → /workshop/pipe/purging/double-seal-purge-systems
https://www.weldingandwelder.com/category/plasma-cutters-gas-cutting/carbon-arc-gouging/arc-air-gouging-carbons/,/arc-mma/gouging/carbons,exact,high,Item match: Arc-Air Gouging Carbons
https://www.weldingandwelder.com/category/welding-tools-benches/welding-benches-work-benches/heavy-duty-welding-benches/steel-top-welding-benches/,/workshop/benches/heavy-duty/steel-top-welding-benches,exact,high,Subcategory override: 'Steel Top Welding Benches' → /workshop/benches/heavy-duty/steel-top-welding-benches
https://www.weldingandwelder.com/category/plasma-cutters-gas-cutting/cutting-nozzles-gouging-nozzles/oxy-propane-cutting-nozzles-pnmpnme/oxypropane-cutting-nozzle-pnm/,/cutting/nozzles/pnm/oxy-propane-cutting-nozzle-pnm,exact,high,Subcategory override: 'Oxy/Propane Cutting Nozzle PNM' → /cutting/nozzles/pnm/oxy-propane-cutting-nozzle-pnm
https://www.weldingandwelder.com/category/gas-welding-equipment/gas-cylinder-storage-handling/gas-cylinder-cages/,/gas-oxy-fuel/storage/cages,exact,high,Item match: Gas Cylinder Cages
https://www.weldingandwelder.com/category/gas-welding-equipment/gas-regulators/gas-arc-spares-certificates/,/gas-oxy-fuel/regulators/gas-arc-spares,exact,high,Item match: Gas Arc Spares & Certificates
https://www.weldingandwelder.com/category/pipe-stands-pipe-clamps/pipe-welding-stands/roller-pipe-stands/floor-mounted-stands/,/workshop/pipe/stands/roller/floor-mounted-roller-stands,exact,high,Subcategory override: 'Floor Mounted Roller Stands' → /workshop/pipe/stands/roller/floor-mounted-roller-stands
https://www.weldingandwelder.com/category/welding-consumables/mma-arc-welding-supplies/earth-clamps/,/arc-mma/earth-clamps,exact,high,Item match: Earth Clamps
https://www.weldingandwelder.com/category/welding-consumables/mig-welding-supplies/mig-welding-wire/stainless-steel-mig-wire/,/mig-welding/wire/stainless,exact,high,Item match: Stainless Steel MIG Wire
https://www.weldingandwelder.com/category/welding-equipment/oxy-acetylene-cutting-welding/oxy-acetylene-welding-rods/silver-solder-welding-rods/,/gas-oxy-fuel/rods/silver-solder,exact,high,Item match: Silver Solder Rods
https://www.weldingandwelder.com/category/pipe-stands-pipe-clamps/pipe-welding-stands/roller-pipe-stands/double-roll-pipe-stands/,/workshop/pipe/stands/roller/double-roll-pipe-stands,exact,high,Subcategory override: 'Double Roll Pipe Stands' → /workshop/pipe/stands/roller/double-roll-pipe-stands
https://www.weldingandwelder.com/category/welding-consumables/mig-welding-supplies/mig-welding-wire/mild-steel-mig-wire/,/mig-welding/wire/mild-steel,exact,high,Item match: Mild Steel MIG Wire
https://www.weldingandwelder.com/category/plasma-cutters-gas-cutting/cutting-nozzles-gouging-nozzles/oxy-propane-cutting-nozzles-pnmpnme/oxypropane-cutting-nozzle-pnme/,/cutting/nozzles/pnm/oxy-propane-cutting-nozzle-pnme,exact,high,Subcategory override: 'Oxy/Propane Cutting Nozzle PNME' → /cutting/nozzles/pnm/oxy-propane-cutting-nozzle-pnme
https://www.weldingandwelder.com/category/gas-welding-equipment/gas-flow-components/gas-fluxers-fluxes/welding-fluxes/,/gas-oxy-fuel/equipment,exact,high,Column-level href ([Sub-cat])
https://www.weldingandwelder.com/category/pipe-stands-pipe-clamps/pipe-cutting-equipment/pipe-saws/exact-pipe-saws-pipe-saws/,/workshop/pipe/saws/exact,exact,high,Item match: Exact Pipe Saws
https://www.weldingandwelder.com/category/welding-tools-benches/angle-grinder-discs/cutting-discs/,/abrasives/cutting,exact,high,Item match: Cutting Discs
https://www.weldingandwelder.com/category/welding-tools-benches/welding-benches-work-benches/super-heavy-duty-work-benches/,/workshop/benches/super-heavy,exact,high,Item match: Super Heavy Duty Benches
https://www.weldingandwelder.com/category/pipe-stands-pipe-clamps/pipe-cutting-equipment/pipe-saws/exact-pipe-saws-pipe-saws/exact-saw-blades/140mm-saw-blades-diamond-discs/,/workshop/pipe/saws/exact/140mm-saw-blades-and-diamond-cutting-discs,exact,high,Subcategory override: '140mm Saw Blades & Diamond Cutting Discs' → /workshop/pipe/saws/exact/140mm-saw-blades-and-diamond-cutting-discs
https://www.weldingandwelder.com/category/pipe-stands-pipe-clamps/pipe-welding-stands/v-head-stands/quattro-pipe-stands/,/workshop/pipe/stands/v-head/quattro-pipe-stands,exact,high,Subcategory override: 'Quattro Pipe Stands' → /workshop/pipe/stands/v-head/quattro-pipe-stands
https://www.weldingandwelder.com/category/welding-fume-extraction/fume-extraction-bench-tops/,/safety/fume/bench-top,exact,high,Item match: Bench Top Extractors
https://www.weldingandwelder.com/category/safety-equipment/safety-goggles-spectacles-visors/air-fed-face-shields/,/safety/eye/air-fed,exact,high,Item match: Air Fed Face Shields
https://www.weldingandwelder.com/category/pipe-stands-pipe-clamps/pipe-welding-stands/roller-pipe-stands/ama-pipe-roller-stands/,/workshop/pipe/stands/roller/ama-roller-pipe-stands,exact,high,Subcategory override: 'AMA Roller Pipe Stands' → /workshop/pipe/stands/roller/ama-roller-pipe-stands
https://www.weldingandwelder.com/category/safety-equipment/welding-screens-welding-curtains/welding-curtains-frames-tusker/,/safety/screens/welding-curtains-and-frames-tusker,exact,high,Subcategory override: 'Welding Curtains & Frames - Tusker' → /safety/screens/welding-curtains-and-frames-tusker
https://www.weldingandwelder.com/category/welding-equipment/electrode-ovens-quivers/,/arc-mma/ovens,exact,high,Item match: Electrode Quivers & Ovens
https://www.weldingandwelder.com/category/welding-consumables/weld-backing-ceramics-tapes/katbak-ceramic-backing-strips/,/workshop/consumables/ceramics/katbak-ceramic-backing-strips,exact,high,Subcategory override: 'Katbak Ceramic Backing Strips' → /workshop/consumables/ceramics/katbak-ceramic-backing-strips
https://www.weldingandwelder.com/category/welding-consumables/welding-chemicals-sprays/ardrox-ndt-products/ardrox-ndt-aerosols/,/workshop/chemicals/ardrox-ndt-aerosols,exact,high,Subcategory override: 'Ardrox NDT Aerosols' → /workshop/chemicals/ardrox-ndt-aerosols
https://www.weldingandwelder.com/category/air-tools-air-compressors/air-tools/air-die-grinders/,/workshop/air-tools/die-grinders,exact,high,Item match: Air Die Grinders
https://www.weldingandwelder.com/category/air-tools-air-compressors/air-tools/air-sanders-polishers/,/workshop/air-tools/sanders/air-sanders-air-polishers,exact,high,Subcategory override: 'Air Sanders / Air Polishers' → /workshop/air-tools/sanders/air-sanders-air-polishers
https://www.weldingandwelder.com/category/pipe-stands-pipe-clamps/pipe-cutting-equipment/pipe-cutting-machines/magnetic-pipe-cutting-machine-spares/,/workshop/pipe/cutting-machines/spares/magnetic-pipe-cutting-machine-spares,exact,high,Subcategory override: 'Magnetic Pipe Cutting Machine Spares' → /workshop/pipe/cutting-machines/spares/magnetic-pipe-cutting-machine-spares
https://www.weldingandwelder.com/category/gas-welding-equipment/gas-manifolds/manual-changeover-manifolds/manual-changeover-manifolds-0-6-bar/,/gas-oxy-fuel/manifolds/manual-changeover-manifolds-0-6-bar,exact,high,Subcategory override: 'Manual Changeover Manifolds (0 - 6 Bar)' → /gas-oxy-fuel/manifolds/manual-changeover-manifolds-0-6-bar
https://www.weldingandwelder.com/category/gas-welding-equipment/gas-manifolds/manual-changeover-manifolds/manual-changeover-manifolds-0-10-bar/,/gas-oxy-fuel/manifolds/manual-changeover-manifolds-0-10-bar,exact,high,Subcategory override: 'Manual Changeover Manifolds (0 - 10 Bar)' → /gas-oxy-fuel/manifolds/manual-changeover-manifolds-0-10-bar
https://www.weldingandwelder.com/category/welding-equipment/tungsten-grinders-for-tig-welding/tungsten-grinders-with-extractors/,/tig-welding/tungsten-grinders/extractors,exact,high,Item match: Tungsten Grinders w/ Extractors
https://www.weldingandwelder.com/category/welding-fume-extraction/kemper-fume-extraction-equipment/kemper-fume-extraction-spares/kemper-exhaust-fan-hose-nozzles/,/safety/fume/kemper-spares/kemper-hoses-and-nozzles,exact,high,Subcategory override: 'Kemper Hoses & Nozzles' → /safety/fume/kemper-spares/kemper-hoses-and-nozzles
https://www.weldingandwelder.com/category/welding-equipment/oxy-acetylene-cutting-welding/oxy-acetylene-welding-rods/oxy-acetylene-welding-rods-aluminium/,/gas-oxy-fuel/rods/aluminium,exact,high,Item match: Aluminium Welding Rods
https://www.weldingandwelder.com/category/welding-equipment/weld-cleaning-machines/stainless-steel-weld-cleaning/isojet-5-stainless-steel-weld-cleaner/,/tig-welding/weld-cleaning/isojet-stainless-steel-weld-cleaner,exact,high,Subcategory override: 'IsoJet Stainless Steel Weld Cleaner' → /tig-welding/weld-cleaning/isojet-stainless-steel-weld-cleaner
https://www.weldingandwelder.com/category/welding-fume-extraction/kemper-fume-extraction-equipment/kemper-hi-vacuum-fume-extraction/,/safety/fume/kemper-hi-vac,exact,high,Item match: Kemper Hi-Vacuum Extraction
https://www.weldingandwelder.com/category/welding-equipment/spot-welders/spot-welding-spares/tecna-pedestal-spot-welding-electrodes/,/machines/spot-welders/electrodes/tecna-pedestal-spot-welding-electrodes,exact,high,Subcategory override: 'Tecna Pedestal Spot Welding Electrodes' → /machines/spot-welders/electrodes/tecna-pedestal-spot-welding-electrodes
https://www.weldingandwelder.com/category/welding-consumables/tig-welding-supplies/tig-welding-rods/tig-filler-rods-for-high-strength-steel/,/tig-welding/filler-rods/mild-steel/tig-filler-rods-for-high-strength-steel,exact,high,Subcategory override: 'TIG Filler Rods for High Strength Steel' → /tig-welding/filler-rods/mild-steel/tig-filler-rods-for-high-strength-steel
https://www.weldingandwelder.com/category/gas-welding-equipment/gas-cylinder-storage-handling/gas-cylinder-brackets/,/gas-oxy-fuel/hoses,exact,high,Column-level href ([Sub-cat])
https://www.weldingandwelder.com/category/pipe-stands-pipe-clamps/pipe-welding-stands/roller-pipe-stands/pipe-roller-stands/,/workshop/pipe/stands/roller/pipe-roller-stands,exact,high,Subcategory override: 'Pipe Roller Stands' → /workshop/pipe/stands/roller/pipe-roller-stands
https://www.weldingandwelder.com/category/metal-saws-mag-drills/magnetic-drills/,/machines/magnetic-drills,exact,high,Item match: Magnetic Drills
https://www.weldingandwelder.com/category/welding-consumables/tig-welding-supplies/tig-welding-rods/tig-filler-rods-for-nickel-alloy/,/tig-welding/filler-rods/nickel,exact,high,Item match: Nickel Alloy
https://www.weldingandwelder.com/category/pipe-stands-pipe-clamps/weld-purging-equipment/weld-purge-monitors-spares/,/workshop/pipe/purging/weld-purge-monitors,exact,high,Subcategory override: 'Weld Purge Monitors' → /workshop/pipe/purging/weld-purge-monitors
https://www.weldingandwelder.com/category/gas-welding-equipment/welding-gas-hoses/hose-reels-oxy-acetylenepropane/,/gas-oxy-fuel/hoses,exact,high,Column-level href ([Sub-cat])
https://www.weldingandwelder.com/category/safety-equipment/welding-goggles-welding-spectacles/,/safety/helmets/welding-goggles-and-spectacles,exact,high,Subcategory override: 'Welding Goggles & Spectacles' → /safety/helmets/welding-goggles-and-spectacles
https://www.weldingandwelder.com/category/welding-consumables/welding-chemicals-sprays/powder-welding-powders/,/machines/thermal-spray/thermal-spray-powders,exact,high,Subcategory override: 'Thermal Spray Powders' → /machines/thermal-spray/thermal-spray-powders
https://www.weldingandwelder.com/category/air-tools-air-compressors/air-tool-accessories/air-line-hoses/,/workshop/air-tools/hoses/air-line-hoses,exact,high,Subcategory override: 'Air Line Hoses' → /workshop/air-tools/hoses/air-line-hoses
https://www.weldingandwelder.com/category/welding-consumables/itw-devcon-maintenance-products/devcon-epoxy-metal-repair/,/workshop/devcon/devcon-epoxy-metal-repair-putty,exact,high,Subcategory override: 'Devcon Epoxy Metal Repair Putty' → /workshop/devcon/devcon-epoxy-metal-repair-putty
https://www.weldingandwelder.com/category/plasma-cutters-gas-cutting/cutting-nozzles-gouging-nozzles/oxy-acetylene-cutting-nozzles-anme/oxyacetylene-cutting-nozzle-anme/,/cutting/nozzles/anme/oxy-acetylene-cutting-nozzle-anme,exact,high,Subcategory override: 'Oxy/Acetylene Cutting Nozzle ANME' → /cutting/nozzles/anme/oxy-acetylene-cutting-nozzle-anme
https://www.weldingandwelder.com/category/plasma-cutters-gas-cutting/cutting-nozzles-gouging-nozzles/oxy-acetylene-cutting-nozzles-anme/victor-cutting-nozzles/,/cutting/nozzles/victor,exact,high,Item match: Victor Cutting Nozzles
https://www.weldingandwelder.com/category/welding-equipment/weld-cleaning-machines/stainless-steel-weld-cleaning/easykleen-plus-tig-system/,/tig-welding/weld-cleaning/easykleen-plus-and-tig-system,exact,high,Subcategory override: 'Easykleen Plus & TIG System' → /tig-welding/weld-cleaning/easykleen-plus-and-tig-system
https://www.weldingandwelder.com/category/welding-fume-extraction/kemper-fume-extraction-equipment/kemper-central-fumedust-extraction/,/safety/fume/kemper-static/kemper-central-fume-dust-extraction,exact,high,Subcategory override: 'Kemper Central Fume/Dust Extraction' → /safety/fume/kemper-static/kemper-central-fume-dust-extraction
https://www.weldingandwelder.com/category/pipe-stands-pipe-clamps/pipe-cutting-equipment/pipe-saws/tag-e-z-pipe-saws/,/workshop/pipe/saws/tag,exact,high,Item match: TAG Pipe Saws
https://www.weldingandwelder.com/category/welding-equipment/stud-welding-equipment/stud-welder-studs-and-spares/weld-studs-stainless-steel/,/arc-mma/stud-welding/ss-studs,exact,high,Item match: Weld Studs - Stainless Steel
https://www.weldingandwelder.com/category/pipe-stands-pipe-clamps/pipe-welding-stands/v-head-stands/single-tube-pipe-welding-stands/,/workshop/pipe/stands/v-head/single-tube-pipe-stands,exact,high,Subcategory override: 'Single Tube Pipe Stands' → /workshop/pipe/stands/v-head/single-tube-pipe-stands
https://www.weldingandwelder.com/category/gas-welding-equipment/gas-regulators/nevoc-regulators/,/gas-oxy-fuel/regulators/nevoc,exact,high,Item match: NEVOC Regulators
https://www.weldingandwelder.com/category/safety-equipment/spill-control/,/safety/spill-kits,exact,high,Item match: Spill Containment Kits
https://www.weldingandwelder.com/category/plasma-cutters-gas-cutting/carbon-arc-gouging/arc-gouging-torches/,/arc-mma/gouging/torches,exact,high,Item match: Carbon Arc Gouging Torches
https://www.weldingandwelder.com/category/welding-consumables/mig-welding-supplies/mig-welding-wire/aluminium-mig-wire/,/mig-welding/wire/aluminium,exact,high,Item match: Aluminium MIG Wire
https://www.weldingandwelder.com/category/welding-fume-extraction/kemper-fume-extraction-equipment/kemper-static-filter-units/,/safety/fume/kemper-static,exact,high,Item match: Kemper Static Filter Units
https://www.weldingandwelder.com/category/gas-welding-equipment/gas-manifolds/gas-arc-auto-changeover-manifolds/auto-changeover-manifolds-2-x-1-0-10-bar/,/gas-oxy-fuel/manifolds/auto-changeover-manifolds-2-x-1-0-10-bar,exact,high,Subcategory override: 'Auto Changeover Manifolds (2 x 1 / 0 - 10 Bar)' → /gas-oxy-fuel/manifolds/auto-changeover-manifolds-2-x-1-0-10-bar
https://www.weldingandwelder.com/category/gas-welding-equipment/welding-gas-hoses/gas-arc-high-pressure-gas-hoses/oxygen-high-pressure-flexible-gas-hoses/,/gas-oxy-fuel/hoses/high-pressure/oxygen-high-pressure-flexible-gas-hoses,exact,high,Subcategory override: 'Oxygen High Pressure Flexible Gas Hoses' → /gas-oxy-fuel/hoses/high-pressure/oxygen-high-pressure-flexible-gas-hoses
https://www.weldingandwelder.com/category/welding-equipment/tungsten-grinders-for-tig-welding/tungsten-grinders-bench-mounted/,/tig-welding/tungsten-grinders/bench,exact,high,Item match: Tungsten Grinders - Bench
https://www.weldingandwelder.com/category/safety-equipment/safety-goggles-spectacles-visors/safety-spectacles/,/safety/eye/spectacles,exact,high,Item match: Safety Spectacles
https://www.weldingandwelder.com/category/welding-tools-benches/angle-grinder-discs/sanding-discs/,/abrasives/sanding,exact,high,Item match: Sanding Discs
https://www.weldingandwelder.com/category/welding-tools-benches/hand-tools-tool-cabinets/socket-sets/,/workshop/tools/kits/socket-sets,exact,high,Subcategory override: 'Socket Sets' → /workshop/tools/kits/socket-sets
https://www.weldingandwelder.com/category/welding-consumables/mig-welding-supplies/mig-torches-consumables/euro-connection-mig-torches/,/mig-welding/torches/euro,exact,high,Item match: Euro Connection MIG Torches
https://www.weldingandwelder.com/category/welding-tools-benches/welding-benches-work-benches/,/workshop/benches/welding-benches-and-tables,exact,high,Subcategory override: 'Welding Benches & Tables' → /workshop/benches/welding-benches-and-tables
https://www.weldingandwelder.com/category/pipe-stands-pipe-clamps/pipe-welding-tools-accessories/pipe-measuring-marking-tools/flange-pins/,/workshop/pipe/measuring/flange-pins,exact,high,Subcategory override: 'Flange Pins' → /workshop/pipe/measuring/flange-pins
https://www.weldingandwelder.com/category/gas-welding-equipment/gas-manifolds/gas-arc-auto-changeover-manifolds/auto-changeover-manifolds-mcp-2-x-1-0-6-bar/,/gas-oxy-fuel/manifolds/auto-changeover-manifolds-mcp-2-x-1-0-6-bar,exact,high,Subcategory override: 'Auto Changeover Manifolds (MCP 2 x 1 / 0 - 6 Bar)' → /gas-oxy-fuel/manifolds/auto-changeover-manifolds-mcp-2-x-1-0-6-bar
https://www.weldingandwelder.com/category/gas-welding-equipment/gas-regulators/gas-arc-high-pressure-gas-regulators/gas-arc-panel-mounted-gas-regulators/,/gas-oxy-fuel/regulators/gas-arc-panel-mounted-gas-regulators,exact,high,Subcategory override: 'Gas Arc Panel Mounted Gas Regulators' → /gas-oxy-fuel/regulators/gas-arc-panel-mounted-gas-regulators
https://www.weldingandwelder.com/category/safety-equipment/welding-clothing/welding-capes-sleeves/,/safety/clothing/capes,exact,high,Item match: Welding Capes & Sleeves
https://www.weldingandwelder.com/category/pipe-stands-pipe-clamps/pipe-cutting-equipment/pipe-bevellers/pipe-prep-blades-prep-2-3-4/,/workshop/pipe/bevelling/pipe-prep-blades,exact,high,Subcategory override: 'Pipe Prep Blades' → /workshop/pipe/bevelling/pipe-prep-blades
https://www.weldingandwelder.com/category/welding-equipment/oxy-acetylene-cutting-welding/oxy-fuel-nozzles/lightweight-welding-nozzles/,/gas-oxy-fuel/nozzles/lightweight,exact,high,Item match: Lightweight Welding Nozzles
https://www.weldingandwelder.com/category/welding-equipment/oxy-acetylene-cutting-welding/oxy-fuel-torches/oxy-propane-torches/,/gas-oxy-fuel/torches/oxy-propane,exact,high,Item match: Oxy-Propane Torches
https://www.weldingandwelder.com/category/safety-equipment/safety-goggles-spectacles-visors/respirator-masks/,/safety/eye/respirators,exact,high,Item match: Respirator Masks
https://www.weldingandwelder.com/category/welding-tools-benches/welding-benches-work-benches/mobile-work-benches-with-steel-top/,/workshop/benches/mobile,exact,high,Item match: Mobile Work Benches
https://www.weldingandwelder.com/category/pipe-stands-pipe-clamps/pipe-welding-stands/pipe-conveyors/,/workshop/pipe/conveyors,exact,high,Item match: Pipe Conveyors
https://www.weldingandwelder.com/category/welding-equipment/welder-generators/lighting-towers-welder-generators/,/machines/lighting-towers,exact,high,Item match: Lighting Towers
https://www.weldingandwelder.com/category/welding-consumables/mig-welding-supplies/mig-torches-consumables/mig-gas-welding-nozzles/,/mig-welding/torches/nozzles,exact,high,Item match: MIG Welding Nozzles
https://www.weldingandwelder.com/category/welding-consumables/mig-welding-supplies/mig-torches-consumables/binzle-style-mig-torch-consumables/binzle-style-mig-consumables/mig-liners/,/mig-welding/torches/liners,exact,high,Item match: MIG Liners
https://www.weldingandwelder.com/category/gas-welding-equipment/gas-manifolds/gas-arc-auto-changeover-manifolds/auto-changeover-manifolds-2-x-1-0-6-bar/,/gas-oxy-fuel/manifolds/auto-changeover-manifolds-2-x-1-0-6-bar,exact,high,Subcategory override: 'Auto Changeover Manifolds (2 x 1 / 0 - 6 Bar)' → /gas-oxy-fuel/manifolds/auto-changeover-manifolds-2-x-1-0-6-bar
https://www.weldingandwelder.com/category/plasma-cutters-gas-cutting/plasma-cutting-equipment/plasma-torch-spares/thermal-dynamics-compat-spares/thermal-dynamics-type-pch-35/,/cutting/plasma/thermal-dynamics/thermal-dynamics-type-pch-35,exact,high,Subcategory override: 'Thermal Dynamics Type PCH-35' → /cutting/plasma/thermal-dynamics/thermal-dynamics-type-pch-35
https://www.weldingandwelder.com/category/welding-consumables/mma-arc-welding-supplies/welding-cable/re-usable-cable-lugs/,/arc-mma/cable/lugs,exact,high,Item match: Re-usable Cable Lugs
https://www.weldingandwelder.com/category/welding-tools-benches/magswitch-magnetic-positioners/work-holding-devices-variable-angle/,/workshop/positioners/work-holding-devices-variable-angle,exact,high,Subcategory override: 'Work Holding Devices - Variable Angle' → /workshop/positioners/work-holding-devices-variable-angle
https://www.weldingandwelder.com/category/gas-welding-equipment/gas-flow-components/gas-economisers-flowmeters/,/gas-oxy-fuel/economisers,exact,high,Item match: Gas Economisers / Flowmeters
https://www.weldingandwelder.com/category/welding-tools-benches/hand-tools-tool-cabinets/tool-boxes-cabinets/,/workshop/tools/kits/tool-boxes-and-cabinets,exact,high,Subcategory override: 'Tool Boxes & Cabinets' → /workshop/tools/kits/tool-boxes-and-cabinets
https://www.weldingandwelder.com/category/air-tools-air-compressors/air-tools/,/workshop/air-tools/air-tools,exact,high,Subcategory override: 'Air Tools' → /workshop/air-tools/air-tools
https://www.weldingandwelder.com/category/air-tools-air-compressors/air-tools/paint-spray-guns/,/workshop/air-tools/paint-guns,exact,high,Item match: Paint Spray Guns
https://www.weldingandwelder.com/category/pipe-stands-pipe-clamps/pipe-welding-clamps/chain-pipe-alignment-clamps/single-chain-pipe-clamps/,/workshop/pipe/clamps/chain/single-chain-pipe-clamps,exact,high,Subcategory override: 'Single Chain Pipe Clamps' → /workshop/pipe/clamps/chain/single-chain-pipe-clamps
https://www.weldingandwelder.com/category/safety-equipment/heat-reflective-clothing/,/safety/clothing/heat-reflective,exact,high,Item match: Heat Reflective Clothing
https://www.weldingandwelder.com/category/gas-welding-equipment/gas-manifolds/gas-arc-auto-changeover-manifolds/auto-changeover-manifolds-mcp-2-x-1-0-10-bar/,/gas-oxy-fuel/manifolds/auto-changeover-manifolds-mcp-2-x-1-0-10-bar,exact,high,Subcategory override: 'Auto Changeover Manifolds (MCP 2 x 1 / 0 - 10 Bar)' → /gas-oxy-fuel/manifolds/auto-changeover-manifolds-mcp-2-x-1-0-10-bar
https://www.weldingandwelder.com/category/gas-welding-equipment/gas-regulators/gas-arc-high-pressure-gas-regulators/gas-arc-hi-flow-gas-regulators/,/gas-oxy-fuel/regulators/gas-arc-hi-flow-gas-regulators,exact,high,Subcategory override: 'Gas Arc Hi Flow Gas Regulators' → /gas-oxy-fuel/regulators/gas-arc-hi-flow-gas-regulators
https://www.weldingandwelder.com/category/welding-tools-benches/cable-reels/,/workshop/tools/cable-reels,exact,high,Item match: Cable Reels
https://www.weldingandwelder.com/category/safety-equipment/welding-clothing/welders-aprons/,/safety/clothing/aprons,exact,high,Item match: Welding Aprons
https://www.weldingandwelder.com/category/gas-welding-equipment/gas-control-outlet-pointspanels/outlet-point-gas-regulators/lgl500-outlet-point-gas-regulators/,/gas-oxy-fuel/regulators/lgl500-outlet-point-gas-regulators,exact,high,Subcategory override: 'LGL500 Outlet Point Gas Regulators' → /gas-oxy-fuel/regulators/lgl500-outlet-point-gas-regulators
https://www.weldingandwelder.com/category/plasma-cutters-gas-cutting/gas-cutting-machines-oxy-fuel/pipe-cutting-machines-oxy-acetylene/,/cutting/machines/pipe-oxy,exact,high,Item match: Pipe Cutting Machines (Oxy)
https://www.weldingandwelder.com/category/welding-consumables/mig-welding-supplies/mig-welding-wire/flux-cored-stainless-steel-mig-wire/,/mig-welding/wire/flux-cored/flux-cored-mig-wire-stainless-steel,exact,high,Subcategory override: 'Flux Cored MIG Wire - Stainless Steel' → /mig-welding/wire/flux-cored/flux-cored-mig-wire-stainless-steel
https://www.weldingandwelder.com/category/welding-tools-benches/angle-grinder-discs/flap-discs/ceramic-flap-discs/,/abrasives/ceramic-flap,exact,high,Item match: Ceramic Flap Discs
https://www.weldingandwelder.com/category/safety-equipment/fire-retardant-tarpaulin/,/safety/tarpaulin,exact,high,Item match: Fire Retardant Tarpaulin
https://www.weldingandwelder.com/category/air-tools-air-compressors/air-compressors/refrigerated-air-dryers/,/workshop/compressors/air-dryers,exact,high,Item match: Refrigerated Air Dryers
https://www.weldingandwelder.com/category/gas-welding-equipment/gas-regulators/co2-regulators/,/gas-oxy-fuel/regulators/co2,exact,high,Item match: CO2 Regulators
https://www.weldingandwelder.com/category/welding-consumables/mig-welding-supplies/mig-welding-wire/bulk-mig-wire/,/mig-welding/wire/bulk,exact,high,Item match: Bulk MIG Wire
https://www.weldingandwelder.com/category/safety-equipment/welding-clothing/welding-trousers-spats/,/safety/clothing/trousers,exact,high,Item match: Welding Trousers & Spats
https://www.weldingandwelder.com/category/welding-consumables/tig-welding-supplies/tig-welding-rods/tig-filler-rods-for-copper-nickel/,/tig-welding/filler-rods/copper,exact,high,Item match: Copper / Copper-Nickel
https://www.weldingandwelder.com/category/welding-equipment/welding-water-coolers/,/machines/water-coolers,exact,high,Item match: Welder Water Coolers
https://www.weldingandwelder.com/category/welding-equipment/weld-cleaning-machines/,/tig-welding/weld-cleaning,exact,high,Item match: Weld Cleaning Equipment
https://www.weldingandwelder.com/category/welding-equipment/spot-welders/pedestal-spot-welders/,/machines/spot-welders/pedestal,exact,high,Item match: Spot Welders - Pedestal
https://www.weldingandwelder.com/category/welding-equipment/oxy-acetylene-cutting-welding/oxy-acetylene-welding-rods/oxy-acetylene-welding-rods-steel/,/gas-oxy-fuel/rods/steel,exact,high,Item match: Steel Welding Rods
https://www.weldingandwelder.com/category/safety-equipment/safety-goggles-spectacles-visors/safety-goggles/,/safety/eye/goggles,exact,high,Item match: Safety Goggles
https://www.weldingandwelder.com/category/air-tools-air-compressors/air-tools/air-needle-scalers/,/workshop/air-tools/needle-scalers,exact,high,Item match: Air Needle Scalers
https://www.weldingandwelder.com/category/welding-consumables/itw-devcon-maintenance-products/devcon-epoxy-adhesives/,/workshop/devcon/devcon-epoxy-adhesives,exact,high,Subcategory override: 'Devcon Epoxy Adhesives' → /workshop/devcon/devcon-epoxy-adhesives
https://www.weldingandwelder.com/category/welding-tools-benches/welding-benches-work-benches/heavy-duty-welding-benches/welding-bench-accessories/,/workshop/benches/accessories,exact,high,Item match: Bench Accessories
https://www.weldingandwelder.com/category/gas-welding-equipment/gas-hose-and-regulator-fittings/cylinder-fittings/3-way-cylinder-adaptors-right-or-left-hand/,/gas-oxy-fuel/cylinder-fittings/cylinder-extensions-right-or-left-hand,exact,high,Subcategory override: 'Cylinder Extensions Right or Left Hand' → /gas-oxy-fuel/cylinder-fittings/cylinder-extensions-right-or-left-hand
https://www.weldingandwelder.com/category/safety-equipment/welding-screens-welding-curtains/welding-curtains-frames-defender/,/safety/screens/welding-curtains-and-frames-defender,exact,high,Subcategory override: 'Welding Curtains & Frames - Defender' → /safety/screens/welding-curtains-and-frames-defender
https://www.weldingandwelder.com/category/gas-welding-equipment/gas-hose-and-regulator-fittings/hose-fittings/hose-couplers/straight-adaptors/,/gas-oxy-fuel/fittings/straight-adaptors,exact,high,Subcategory override: 'Straight Adaptors' → /gas-oxy-fuel/fittings/straight-adaptors
https://www.weldingandwelder.com/category/gas-welding-equipment/gas-alarm-panels/,/gas-oxy-fuel/alarm-panels,exact,high,Item match: Gas Alarm Panels
https://www.weldingandwelder.com/category/safety-equipment/safety-goggles-spectacles-visors/safety-visors/,/safety/eye/visors,exact,high,Item match: Safety Visors
https://www.weldingandwelder.com/category/pipe-stands-pipe-clamps/pipe-welding-stands/pipe-rotators/,/workshop/pipe/rotators,exact,high,Item match: Pipe Rotators
https://www.weldingandwelder.com/category/gas-welding-equipment/gas-cylinder-storage-handling/gas-cylinder-trolleys-handling/medical-trolleys-wall-brackets/,/gas-oxy-fuel/hoses,exact,high,Column-level href ([Sub-cat])
https://www.weldingandwelder.com/category/pipe-stands-pipe-clamps/pipe-welding-stands/v-head-stands/five-leg-pipe-stands/,/workshop/pipe/stands/v-head/five-leg-pipe-stands,exact,high,Subcategory override: 'Five Leg Pipe Stands' → /workshop/pipe/stands/v-head/five-leg-pipe-stands
https://www.weldingandwelder.com/category/welding-equipment/welder-generators/mosa-welder-generators/generators/,/machines/generators,exact,high,Item match: Generators
https://www.weldingandwelder.com/category/safety-equipment/welding-screens-welding-curtains/,/safety/screens,exact,high,Item match: Welding Screens & Curtains
https://www.weldingandwelder.com/category/gas-welding-equipment/welding-gas-hoses/gas-arc-high-pressure-gas-hoses/,/gas-oxy-fuel/hoses/high-pressure/gas-arc-high-pressure-gas-hoses,exact,high,Subcategory override: 'Gas Arc High Pressure Gas Hoses' → /gas-oxy-fuel/hoses/high-pressure/gas-arc-high-pressure-gas-hoses
https://www.weldingandwelder.com/category/welding-consumables/mma-arc-welding-supplies/welding-cable/welding-cable-double-insulated/,/arc-mma/cable/double-insulated,exact,high,Item match: Double Insulated Cable
https://www.weldingandwelder.com/category/air-tools-air-compressors/air-tools/air-angle-grinders/,/workshop/air-tools/grinders,exact,high,Item match: Air Angle Grinders
https://www.weldingandwelder.com/category/gas-welding-equipment/welding-gas-hoses/welding-hose-cutting-hose/twin-welding-hoses/siamese-twin-welding-hoses-100m-rolls/,/gas-oxy-fuel/hoses/twin/siamese-twin-welding-hoses-100m-rolls,exact,high,Subcategory override: 'Siamese Twin Welding Hoses - 100m Rolls' → /gas-oxy-fuel/hoses/twin/siamese-twin-welding-hoses-100m-rolls
https://www.weldingandwelder.com/category/gas-welding-equipment/gas-hose-and-regulator-fittings/hose-fittings/hose-couplers/,/gas-oxy-fuel/fittings/hose-couplers,exact,high,Subcategory override: 'Hose Couplers' → /gas-oxy-fuel/fittings/hose-couplers
https://www.weldingandwelder.com/category/welding-tools-benches/angle-grinder-discs/flap-discs/,/abrasives/flap,exact,high,Item match: Flap Discs
https://www.weldingandwelder.com/category/plasma-cutters-gas-cutting/cutting-nozzles-gouging-nozzles/oxy-acetylene-gouging-nozzles-agnm/gouging-nozzles-agnm/,/cutting/nozzles/agnm/gouging-nozzles-agnm,exact,high,Subcategory override: 'Gouging Nozzles AGNM' → /cutting/nozzles/agnm/gouging-nozzles-agnm
https://www.weldingandwelder.com/category/welding-equipment/oxy-acetylene-cutting-welding/oxy-fuel-torches/type-35-hd-welding-equipment/,/gas-oxy-fuel/torches/components,exact,high,Item match: Type 3/5 HD Torch Components
https://www.weldingandwelder.com/category/welding-equipment/oxy-acetylene-cutting-welding/oxy-fuel-torches/oxy-acetylene-torches/,/gas-oxy-fuel/torches/oxy-acet,exact,high,Item match: Oxy-Acetylene Torches
https://www.weldingandwelder.com/category/welding-equipment/oxy-acetylene-cutting-welding/cutting-machines/straight-line-cutting-machines/,/cutting/machines/straight-line,exact,high,Item match: Straight Line Cutting Machines
https://www.weldingandwelder.com/category/pipe-stands-pipe-clamps/pipe-cutting-equipment/pipe-saws/exact-pipe-saws-pipe-saws/exact-saw-blades/165mm-saw-blades-diamond-cutting-discs/,/workshop/pipe/saws/exact/165mm-saw-blades-and-diamond-cutting-discs,exact,high,Subcategory override: '165mm Saw Blades & Diamond Cutting Discs' → /workshop/pipe/saws/exact/165mm-saw-blades-and-diamond-cutting-discs
https://www.weldingandwelder.com/category/pipe-stands-pipe-clamps/pipe-cutting-equipment/pipe-cutting-machines/,/workshop/pipe/cutting-machines,exact,high,Item match: Pipe Cutting Machines
https://www.weldingandwelder.com/category/gas-welding-equipment/gas-control-outlet-pointspanels/gas-control-outlet-panels/,/gas-oxy-fuel/regulators/gas-control-outlet-panels,exact,high,Subcategory override: 'Gas Control Outlet Panels' → /gas-oxy-fuel/regulators/gas-control-outlet-panels
https://www.weldingandwelder.com/category/gas-welding-equipment/gas-control-outlet-pointspanels/lineleader-gas-control-outlet-points/,/gas-oxy-fuel/regulators/lineleader-gas-control-outlet-points,exact,high,Subcategory override: 'Lineleader Gas Control Outlet Points' → /gas-oxy-fuel/regulators/lineleader-gas-control-outlet-points
https://www.weldingandwelder.com/category/plasma-cutters-gas-cutting/plasma-cutting-equipment/plasma-torch-spares/weldability-plasma-cutter-spares/sif-weld-cut-100-spares/,/cutting/plasma/sif-weld-cut-100-spares,exact,high,Item match: Sif Weld Cut 100 Spares
https://www.weldingandwelder.com/category/welding-consumables/tig-welding-supplies/tig-welding-rods/tig-filler-rods-for-brazing-bronze-welding/,/tig-welding/filler-rods/brazing,exact,high,Item match: Brazing / Bronze
https://www.weldingandwelder.com/category/welding-tools-benches/hand-tools-tool-cabinets/screwdriver-sets/,/workshop/tools/kits/screwdriver-sets,exact,high,Subcategory override: 'Screwdriver Sets' → /workshop/tools/kits/screwdriver-sets
https://www.weldingandwelder.com/category/gas-welding-equipment/gas-control-outlet-pointspanels/techmaster-isolation-valves/,/gas-oxy-fuel/regulators/tech-master-isolation-valves,exact,high,Subcategory override: 'Tech Master Isolation Valves' → /gas-oxy-fuel/regulators/tech-master-isolation-valves
https://www.weldingandwelder.com/category/gas-welding-equipment/gas-hose-and-regulator-fittings/hose-fittings/regulator-bull-nose-stem-nut/,/gas-oxy-fuel/fittings/regulator-bull-nose-and-nevoc-stem-and-nut,exact,high,Subcategory override: 'Regulator Bull Nose & Nevoc Stem & Nut' → /gas-oxy-fuel/fittings/regulator-bull-nose-and-nevoc-stem-and-nut
https://www.weldingandwelder.com/category/welding-fume-extraction/on-torch-fume-extraction-torches-and-spares/kemper-on-torch-fume-extraction/,/safety/fume/kemper-on-torch,exact,high,Item match: Kemper On-Torch Extraction
https://www.weldingandwelder.com/category/welding-consumables/itw-devcon-maintenance-products/devcon-flexane/,/workshop/devcon/devcon-flexane,exact,high,Subcategory override: 'Devcon Flexane' → /workshop/devcon/devcon-flexane
https://www.weldingandwelder.com/category/pipe-stands-pipe-clamps/weld-purging-equipment/inflatable-purge-systems/,/workshop/pipe/purging/inflatable-purge-bag-systems,exact,high,Subcategory override: 'Inflatable Purge Bag Systems' → /workshop/pipe/purging/inflatable-purge-bag-systems
https://www.weldingandwelder.com/category/gas-welding-equipment/gas-cylinder-storage-handling/gas-cylinder-trolleys-handling/gas-cylinder-trolleys/gas-cylinder-trolleys-non-uk-made/,/gas-oxy-fuel/storage/trolleys/gas-cylinder-trolleys-non-uk-made,exact,high,Subcategory override: 'Gas Cylinder Trolleys - Non UK Made' → /gas-oxy-fuel/storage/trolleys/gas-cylinder-trolleys-non-uk-made
https://www.weldingandwelder.com/category/welding-consumables/welding-chemicals-sprays/anti-spatter-spray/,/workshop/chemicals/anti-spatter,exact,high,Item match: Anti-Spatter Spray
https://www.weldingandwelder.com/category/gas-welding-equipment/welding-gas-hoses/argon-shielding-gas-hose/,/gas-oxy-fuel/hoses/argon,exact,high,Item match: Argon / Shielding Gas Hose
https://www.weldingandwelder.com/category/gas-welding-equipment/welding-gas-hoses/mig-gas-welding-hoses/,/gas-oxy-fuel/hoses/mig,exact,high,Item match: MIG Gas Welding Hoses
https://www.weldingandwelder.com/category/plasma-cutters-gas-cutting/plasma-cutting-equipment/plasma-torch-spares/thermal-dynamics-compat-spares/thermal-dynamics-type-pch-52/,/cutting/plasma/thermal-dynamics/thermal-dynamics-type-pch-52,exact,high,Subcategory override: 'Thermal Dynamics Type PCH-52' → /cutting/plasma/thermal-dynamics/thermal-dynamics-type-pch-52
https://www.weldingandwelder.com/category/welding-tools-benches/angle-grinder-discs/grinding-discs/,/abrasives/grinding,exact,high,Item match: Grinding Discs
https://www.weldingandwelder.com/category/air-tools-air-compressors/air-tools/air-belt-sanders/,/workshop/air-tools/sanders/air-belt-sanders,exact,high,Subcategory override: 'Air Belt Sanders' → /workshop/air-tools/sanders/air-belt-sanders
https://www.weldingandwelder.com/category/gas-welding-equipment/gas-hose-and-regulator-fittings/hose-fittings/hose-nuts-regulator-fitting/,/gas-oxy-fuel/fittings/hose-nuts-regulator-fitting,exact,high,Subcategory override: 'Hose Nuts - Regulator Fitting' → /gas-oxy-fuel/fittings/hose-nuts-regulator-fitting
https://www.weldingandwelder.com/category/gas-welding-equipment/gas-hose-and-regulator-fittings/cylinder-fittings/twin-outlet-valves/,/gas-oxy-fuel/cylinder-fittings/twin-outlet-valves,exact,high,Subcategory override: 'Twin Outlet Valves' → /gas-oxy-fuel/cylinder-fittings/twin-outlet-valves
https://www.weldingandwelder.com/category/pipe-stands-pipe-clamps/pipe-cutting-equipment/pipe-bevellers/prep-8-pipe-preparation-machines/,/workshop/pipe/bevelling/prep-8-pipe-preparation-machines,exact,high,Subcategory override: 'Prep 8 Pipe Preparation Machines' → /workshop/pipe/bevelling/prep-8-pipe-preparation-machines
https://www.weldingandwelder.com/category/welding-consumables/mig-welding-supplies/mig-welding-wire/flux-cored-mig-wire-steel/,/mig-welding/wire/flux-cored/flux-cored-mig-wire-steel,exact,high,Subcategory override: 'Flux Cored MIG Wire - Steel' → /mig-welding/wire/flux-cored/flux-cored-mig-wire-steel
https://www.weldingandwelder.com/category/safety-equipment/strip-curtains/,/safety/screens/strip/strip-curtains,exact,high,Subcategory override: 'Strip Curtains' → /safety/screens/strip/strip-curtains
https://www.weldingandwelder.com/category/welding-equipment/weld-cleaning-machines/stainless-steel-weld-cleaning/stainless-brighteners-rust-remover/,/tig-welding/weld-cleaning/stainless-brighteners-and-rust-remover,exact,high,Subcategory override: 'Stainless Brighteners & Rust Remover' → /tig-welding/weld-cleaning/stainless-brighteners-and-rust-remover
https://www.weldingandwelder.com/category/safety-equipment/welding-clothing/welding-jackets/welding-jackets-trousers-standard/,/safety/clothing/jackets/welding-jackets-and-trousers-standard,exact,high,Subcategory override: 'Welding Jackets & Trousers - Standard' → /safety/clothing/jackets/welding-jackets-and-trousers-standard
https://www.weldingandwelder.com/category/plasma-cutters-gas-cutting/gas-cutting-machines-oxy-fuel/straight-line-cutting-machine/,/cutting/machines/straight-line,exact,high,Item match: Straight Line Cutting Machines
https://www.weldingandwelder.com/category/welding-consumables/mma-arc-welding-supplies/mma-stick-electrodes/cutting-gouging-welding-electrodes/,/arc-mma/electrodes/cutting-gouging,exact,high,Item match: Cutting / Gouging
https://www.weldingandwelder.com/category/welding-equipment/weld-cleaning-machines/antox-pickling-neutralising/,/tig-welding/weld-cleaning/pickling,exact,high,Item match: Pickling & Neutralising Agents
https://www.weldingandwelder.com/category/welding-tools-benches/hand-tools-tool-cabinets/wrench-sets/,/workshop/tools/kits/wrench-sets,exact,high,Subcategory override: 'Wrench Sets' → /workshop/tools/kits/wrench-sets
https://www.weldingandwelder.com/category/plasma-cutters-gas-cutting/cutting-nozzles-gouging-nozzles/oxy-acetylene-cutting-nozzles-anme/oxyacetylene-cutting-nozzle-anme/nff-cutting-nozzles/,/cutting/nozzles/nff,exact,high,Item match: NFF Cutting Nozzles
https://www.weldingandwelder.com/category/pipe-stands-pipe-clamps/pipe-welding-stands/roller-pipe-stands/mega-pipe-stands/,/workshop/pipe/stands/roller/mega-pipe-stands,exact,high,Subcategory override: 'Mega-Pipe Stands' → /workshop/pipe/stands/roller/mega-pipe-stands
https://www.weldingandwelder.com/category/welding-fume-extraction/kemper-clean-air-system/kemper-clean-air-towers/,/safety/fume/kemper-tower,exact,high,Item match: Kemper CleanAirTower
https://www.weldingandwelder.com/category/air-tools-air-compressors/air-compressors/direct-drive-compressors/,/workshop/compressors/direct-drive,exact,high,Item match: Direct Drive Compressors
https://www.weldingandwelder.com/category/welding-consumables/mig-welding-supplies/mig-welding-wire/copper-free-mig-wire/,/mig-welding/wire/copper-free,exact,high,Item match: Copper Free MIG Wire
https://www.weldingandwelder.com/category/gas-welding-equipment/gas-hose-and-regulator-fittings/regulator-stems-fittings/,/gas-oxy-fuel/fittings/regulator-stems-and-fittings,exact,high,Subcategory override: 'Regulator Stems & Fittings' → /gas-oxy-fuel/fittings/regulator-stems-and-fittings
https://www.weldingandwelder.com/category/welding-consumables/weld-backing-ceramics-tapes/ceramic-backing-strips-weldability/,/workshop/consumables/ceramics/ceramic-backing-strips,exact,high,Subcategory override: 'Ceramic Backing Strips' → /workshop/consumables/ceramics/ceramic-backing-strips
https://www.weldingandwelder.com/category/welding-consumables/mig-welding-supplies/mig-welding-wire/hard-facing-mig-wire/,/mig-welding/wire/hard-facing,exact,high,Item match: Hard Facing MIG Wire
https://www.weldingandwelder.com/category/pipe-stands-pipe-clamps/pipe-welding-tools-accessories/drain-test-plugs/pipe-stoppers/,/workshop/pipe/purging/expandable-pipe-stoppers,exact,high,Subcategory override: 'Expandable Pipe Stoppers' → /workshop/pipe/purging/expandable-pipe-stoppers
https://www.weldingandwelder.com/category/welding-consumables/mma-arc-welding-supplies/mma-stick-electrodes/cast-iron-welding-electrodes/,/arc-mma/electrodes/cast-iron,exact,high,Item match: Cast Iron
https://www.weldingandwelder.com/category/welding-consumables/tig-welding-supplies/tig-welding-torches-spares/tig-torches-adaptors/,/tig-welding/torches/adaptors/tig-torch-adaptors-and-switches,exact,high,Subcategory override: 'TIG Torch Adaptors & Switches' → /tig-welding/torches/adaptors/tig-torch-adaptors-and-switches
https://www.weldingandwelder.com/category/pipe-stands-pipe-clamps/pipe-welding-tools-accessories/weld-backing-tape/fibreglass-weld-backing-tape/,/workshop/pipe/backing-tape/fibreglass-weld-backing-tape,exact,high,Subcategory override: 'Fibreglass Weld Backing Tape' → /workshop/pipe/backing-tape/fibreglass-weld-backing-tape
https://www.weldingandwelder.com/category/air-tools-air-compressors/air-tools/air-screwdrivers/,/workshop/air-tools/screwdrivers,exact,high,Item match: Air Screwdrivers
https://www.weldingandwelder.com/category/pipe-stands-pipe-clamps/pipe-welding-clamps/chain-pipe-alignment-clamps/,/workshop/pipe/clamps/chain/chain-pipe-alignment-clamps,exact,high,Subcategory override: 'Chain Pipe Alignment Clamps' → /workshop/pipe/clamps/chain/chain-pipe-alignment-clamps
https://www.weldingandwelder.com/category/gas-welding-equipment/gas-hose-and-regulator-fittings/hose-fittings/hose-check-valves-torch-fitting/,/gas-oxy-fuel/fittings/hose-check-valves-torch-fitting,exact,high,Subcategory override: 'Hose Check Valves - Torch Fitting' → /gas-oxy-fuel/fittings/hose-check-valves-torch-fitting
https://www.weldingandwelder.com/category/pipe-stands-pipe-clamps/pipe-welding-tools-accessories/pipe-measuring-marking-tools/,/workshop/pipe/measuring/pipe-measuring-and-marking-tools,exact,high,Subcategory override: 'Pipe Measuring & Marking Tools' → /workshop/pipe/measuring/pipe-measuring-and-marking-tools
https://www.weldingandwelder.com/category/pipe-stands-pipe-clamps/pipe-welding-tools-accessories/pipe-measuring-marking-tools/pipe-centering-heads/,/workshop/pipe/measuring/pipe-centering-heads,exact,high,Subcategory override: 'Pipe Centering Heads' → /workshop/pipe/measuring/pipe-centering-heads
https://www.weldingandwelder.com/category/pipe-stands-pipe-clamps/pipe-cutting-equipment/pipe-bevellers/prep-2-pipe-preparation-machines/,/workshop/pipe/bevelling/prep-2-pipe-preparation-machines,exact,high,Subcategory override: 'Prep 2 Pipe Preparation Machines' → /workshop/pipe/bevelling/prep-2-pipe-preparation-machines
https://www.weldingandwelder.com/category/welding-equipment/weld-cleaning-machines/stainless-steel-weld-cleaning/tig-wand-rapid/,/tig-welding/weld-cleaning/tig-wand-rapid,exact,high,Subcategory override: 'TIG Wand Rapid' → /tig-welding/weld-cleaning/tig-wand-rapid
https://www.weldingandwelder.com/category/welding-tools-benches/hand-tools-tool-cabinets/pliers-wrenches/,/workshop/tools/kits/plier-sets,exact,high,Subcategory override: 'Plier Sets' → /workshop/tools/kits/plier-sets
https://www.weldingandwelder.com/category/safety-equipment/fire-barrier-fabric/,/safety/fire-barrier,exact,high,Item match: Fire Barrier Fabric
https://www.weldingandwelder.com/category/gas-welding-equipment/gas-control-outlet-pointspanels/bench-wall-mounted-outlet-points/,/gas-oxy-fuel/regulators/bench-and-wall-mounted-outlet-points,exact,high,Subcategory override: 'Bench & Wall Mounted Outlet Points' → /gas-oxy-fuel/regulators/bench-and-wall-mounted-outlet-points
https://www.weldingandwelder.com/category/welding-fume-extraction/on-torch-fume-extraction-torches-and-spares/wsl-on-torch-fume-extractors/,/safety/fume/wsl-on-torch,exact,high,Item match: WSL On-Torch Extraction
https://www.weldingandwelder.com/category/gas-welding-equipment/gas-control-outlet-pointspanels/outlet-point-gas-regulators/lgp500-outlet-point-gas-regulators/,/gas-oxy-fuel/regulators/lgp500-outlet-point-gas-regulators,exact,high,Subcategory override: 'LGP500 Outlet Point Gas Regulators' → /gas-oxy-fuel/regulators/lgp500-outlet-point-gas-regulators
https://www.weldingandwelder.com/category/welding-consumables/weld-backing-ceramics-tapes/weld-backing-tapes/,/workshop/pipe/backing-tape/weld-backing-tapes,exact,high,Subcategory override: 'Weld Backing Tapes' → /workshop/pipe/backing-tape/weld-backing-tapes
https://www.weldingandwelder.com/category/pipe-stands-pipe-clamps/pipe-cutting-equipment/pipe-cutting-machines/automatic-pipe-cutting-machines/,/workshop/pipe/cutting-machines/automatic-pipe-cutting-machines,exact,high,Subcategory override: 'Automatic Pipe Cutting Machines' → /workshop/pipe/cutting-machines/automatic-pipe-cutting-machines
https://www.weldingandwelder.com/category/welding-consumables/tig-welding-supplies/tig-welding-rods/tig-filler-rods-for-hard-facing/,/tig-welding/filler-rods/hard-facing,exact,high,Item match: Hard Facing
https://www.weldingandwelder.com/category/welding-consumables/mma-arc-welding-supplies/welding-cable/welding-cable-copper-rubber/,/arc-mma/cable/rubber,exact,high,Item match: Welding Cable (Copper/Rubber)
https://www.weldingandwelder.com/category/welding-equipment/stud-welding-equipment/stud-welder-studs-and-spares/,/arc-mma/accessories/weld-studs,exact,high,Subcategory override: 'Weld Studs' → /arc-mma/accessories/weld-studs
https://www.weldingandwelder.com/category/welding-equipment/stud-welding-equipment/stud-welder-studs-and-spares/aluminium-cd-weld-studs/,/arc-mma/stud-welding/aluminium-studs,exact,high,Item match: Weld Studs - Aluminium
https://www.weldingandwelder.com/category/gas-welding-equipment/gas-regulators/,/gas-oxy-fuel/regulators/gas-arc-regulators,exact,high,Subcategory override: 'Gas Arc Regulators' → /gas-oxy-fuel/regulators/gas-arc-regulators
https://www.weldingandwelder.com/category/gas-welding-equipment/header-rails/,/gas-oxy-fuel/regulators/gas-control-header-rails,exact,high,Subcategory override: 'Gas Control Header Rails' → /gas-oxy-fuel/regulators/gas-control-header-rails
https://www.weldingandwelder.com/category/welding-equipment/oxy-acetylene-cutting-welding/cutting-guides-oxy-acet-propane/,/cutting/guides,exact,high,Item match: Cutting Guides Oxy/Acet/Propane
https://www.weldingandwelder.com/category/welding-tools-benches/welding-tools-marking/,/workshop/tools,exact,high,Column-level href ([Parent])
https://www.weldingandwelder.com/category/welding-tools-benches/welding-tools-marking/welding-gauges/,/workshop/tools/gauges,exact,high,Item match: Welding Gauges
https://www.weldingandwelder.com/category/gas-welding-equipment/gas-flow-components/gas-economisers-flowmeters/gas-economisers-oxyacetylene/,/gas-oxy-fuel/economisers/gas-economisers-oxy-acetylene,exact,high,Subcategory override: 'Gas Economisers - Oxy/Acetylene' → /gas-oxy-fuel/economisers/gas-economisers-oxy-acetylene
https://www.weldingandwelder.com/category/welding-fume-extraction/,/safety/fume/kemper-mobile,exact,high,Column-level href ([Parent])
https://www.weldingandwelder.com/category/welding-consumables/mma-arc-welding-supplies/mma-stick-electrodes/dissimilar-steel-welding-electrodes/,/arc-mma/electrodes/dissimilar,exact,high,Item match: Dissimilar Steel
https://www.weldingandwelder.com/category/gas-welding-equipment/gas-hose-and-regulator-fittings/,/gas-oxy-fuel/hoses,exact,high,Column-level href ([Parent])
https://www.weldingandwelder.com/category/air-tools-air-compressors/air-tool-accessories/,/workshop/air-tools/hoses/air-compressor-hoses-and-accessories,exact,high,Subcategory override: 'Air Compressor Hoses & Accessories' → /workshop/air-tools/hoses/air-compressor-hoses-and-accessories
https://www.weldingandwelder.com/category/air-tools-air-compressors/air-compressors/,/workshop/air-tools/air-compressors,exact,high,Subcategory override: 'Air Compressors' → /workshop/air-tools/air-compressors
https://www.weldingandwelder.com/category/pipe-stands-pipe-clamps/pipe-welding-clamps/pdq-pipe-alignment-clamps/,/workshop/pipe/clamps/pdq,exact,high,Item match: PDQ Clamps
https://www.weldingandwelder.com/category/gas-welding-equipment/welding-gas-hoses/welding-hose-cutting-hose/gas-arc-gas-welding-hoses/,/gas-oxy-fuel/hoses,exact,high,Column-level href ([Sub-cat])
https://www.weldingandwelder.com/category/gas-welding-equipment/gas-hose-and-regulator-fittings/hose-fittings/hose-tails-regulator-fitting/,/gas-oxy-fuel/fittings/hose-tails-regulator-fitting,exact,high,Subcategory override: 'Hose Tails - Regulator Fitting' → /gas-oxy-fuel/fittings/hose-tails-regulator-fitting
https://www.weldingandwelder.com/category/gas-welding-equipment/gas-hose-and-regulator-fittings/cylinder-fittings/cylinder-extensions-right-or-left-hand/,/gas-oxy-fuel/cylinder-fittings/cylinder-extensions-right-or-left-hand,exact,high,Subcategory override: 'Cylinder Extensions Right or Left Hand' → /gas-oxy-fuel/cylinder-fittings/cylinder-extensions-right-or-left-hand
https://www.weldingandwelder.com/category/pipe-stands-pipe-clamps/pipe-welding-clamps/pincer-pipe-clamps/,/workshop/pipe/clamps/pincer,exact,high,Item match: Pincer Clamps
https://www.weldingandwelder.com/category/welding-fume-extraction/kemper-clean-air-system/,/safety/fume/kemper-air-purifying/kemper-clean-air-systems,exact,high,Subcategory override: 'Kemper Clean Air Systems' → /safety/fume/kemper-air-purifying/kemper-clean-air-systems
https://www.weldingandwelder.com/category/pipe-stands-pipe-clamps/pipe-welding-clamps/cage-pipe-clamps/,/workshop/pipe/clamps/cage,exact,high,Item match: Cage Clamps
https://www.weldingandwelder.com/category/pipe-stands-pipe-clamps/pipe-cutting-equipment/pipe-bevellers/prep-3-pipe-preparation-machines/,/workshop/pipe/bevelling/prep-3-pipe-preparation-machines,exact,high,Subcategory override: 'Prep 3 Pipe Preparation Machines' → /workshop/pipe/bevelling/prep-3-pipe-preparation-machines
https://www.weldingandwelder.com/category/pipe-stands-pipe-clamps/pipe-cutting-equipment/pipe-bevellers/prep-4-pipe-preparation-machines/,/workshop/pipe/bevelling/prep-4-pipe-preparation-machines,exact,high,Subcategory override: 'Prep 4 Pipe Preparation Machines' → /workshop/pipe/bevelling/prep-4-pipe-preparation-machines
https://www.weldingandwelder.com/category/welding-equipment/weld-cleaning-machines/stainless-steel-weld-cleaning/mepblitz-elecro-polisher/,/tig-welding/weld-cleaning/mepblitz-elecro-polisher,exact,high,Subcategory override: 'mepBlitz Elecro Polisher' → /tig-welding/weld-cleaning/mepblitz-elecro-polisher
https://www.weldingandwelder.com/category/gas-welding-equipment/gas-flow-components/gas-fluxers-fluxes/gas-fluxers/,/gas-oxy-fuel/equipment,exact,high,Column-level href ([Sub-cat])
https://www.weldingandwelder.com/category/pipe-stands-pipe-clamps/pipe-cutting-equipment/pipe-saws/exact-pipe-saws-pipe-saws/exact-170-pipe-cutting-benches/,/workshop/pipe/saws/exact/exact-170-pipe-cutting-benches,exact,high,Subcategory override: 'Exact 170 Pipe Cutting Benches' → /workshop/pipe/saws/exact/exact-170-pipe-cutting-benches
https://www.weldingandwelder.com/category/pipe-stands-pipe-clamps/pipe-cutting-equipment/pipe-saws/exact-pipe-saws-pipe-saws/exact-saw-blades/special-blades/,/workshop/pipe/saws/exact/special-blades,exact,high,Subcategory override: 'Special Blades' → /workshop/pipe/saws/exact/special-blades
https://www.weldingandwelder.com/category/pipe-stands-pipe-clamps/pipe-cutting-equipment/pipe-saws/exact-pipe-saws-pipe-saws/exact-170-pipe-cutting-benches/pipe-bench-system-accessories/,/workshop/pipe/saws/exact/pipe-bench-system-accessories,exact,high,Subcategory override: 'Pipe Bench System Accessories' → /workshop/pipe/saws/exact/pipe-bench-system-accessories
https://www.weldingandwelder.com/category/air-tools-air-compressors/air-tool-accessories/air-compressor-safety-cages/,/workshop/air-tools/hoses/air-compressor-safety-cages,exact,high,Subcategory override: 'Air Compressor Safety Cages' → /workshop/air-tools/hoses/air-compressor-safety-cages
https://www.weldingandwelder.com/category/safety-equipment/welding-screens-welding-curtains/welding-strip-curtains/,/safety/screens/strip,exact,high,Item match: Welding Strip Curtains
https://www.weldingandwelder.com/category/welding-tools-benches/magswitch-magnetic-positioners/magswitch-magnetic-earth-clamps/,/workshop/positioners/magswitch-magnetic-earth-clamps,exact,high,Subcategory override: 'Magswitch Magnetic Earth Clamps' → /workshop/positioners/magswitch-magnetic-earth-clamps
https://www.weldingandwelder.com/category/welding-consumables/tig-welding-supplies/tungsten-electrodes/superstrike-ac-dc-tungsten-electrodes/,/tig-welding/tungsten/superstrike,exact,high,Item match: Superstrike AC/DC
https://www.weldingandwelder.com/category/gas-welding-equipment/gas-control-outlet-pointspanels/outlet-point-gas-regulators/,/gas-oxy-fuel/regulators/outlet-point-gas-regulators,exact,high,Subcategory override: 'Outlet Point Gas Regulators' → /gas-oxy-fuel/regulators/outlet-point-gas-regulators
https://www.weldingandwelder.com/category/welding-fume-extraction/kemper-fume-extraction-equipment/kemper-fume-extraction-spares/kemper-misc/,/safety/fume/kemper-spares/kemper-misc-parts-and-accessories,exact,high,Subcategory override: 'Kemper Misc Parts & Accessories' → /safety/fume/kemper-spares/kemper-misc-parts-and-accessories
https://www.weldingandwelder.com/category/welding-consumables/tig-welding-supplies/tig-welding-torches-spares/tig-torches-adaptors/tig-torch-adaptors/,/tig-welding/torches/adaptors,exact,high,Item match: TIG Torch Adaptors
https://www.weldingandwelder.com/category/pipe-stands-pipe-clamps/pipe-welding-tools-accessories/weld-spacer-socket-rings-and-discs/,/workshop/pipe/accessories/water-soluble-welding-products,exact,high,Subcategory override: 'Water Soluble Welding Products' → /workshop/pipe/accessories/water-soluble-welding-products
https://www.weldingandwelder.com/category/welding-fume-extraction/kemper-clean-air-system/kemper-airwatch/,/safety/fume/kemper-airwatch,exact,high,Item match: Kemper Airwatch
https://www.weldingandwelder.com/category/gas-welding-equipment/gas-flow-components/argon-co2-gas-heaters-gas-welding-equipment/,/gas-oxy-fuel/regulators/argon-and-co2-gas-heaters,exact,high,Subcategory override: 'Argon & Co2 Gas Heaters' → /gas-oxy-fuel/regulators/argon-and-co2-gas-heaters
https://www.weldingandwelder.com/category/pipe-stands-pipe-clamps/pipe-welding-stands/roller-pipe-stands/,/workshop/pipe/stands/roller/roller-pipe-stands,exact,high,Subcategory override: 'Roller Pipe Stands' → /workshop/pipe/stands/roller/roller-pipe-stands
https://www.weldingandwelder.com/category/welding-consumables/disposable-gas-cylinders/,/mig-welding/accessories/disposable-shielding-gas-cylinders,exact,high,Subcategory override: 'Disposable Shielding Gas Cylinders' → /mig-welding/accessories/disposable-shielding-gas-cylinders
https://www.weldingandwelder.com/category/safety-equipment/,/safety/helmets/safety-equipment,exact,high,Subcategory override: 'Safety Equipment' → /safety/helmets/safety-equipment
https://www.weldingandwelder.com/category/welding-consumables/mig-welding-supplies/mig-torches-consumables/euro-mig-torches-ergo/,/mig-welding/torches/ergo,exact,high,Item match: Euro MIG Torches - ERGO
https://www.weldingandwelder.com/category/welding-consumables/tig-welding-supplies/tig-welding-rods/tig-filler-rods-for-dissimilar-steels/,/tig-welding/filler-rods/dissimilar,exact,high,Item match: Dissimilar Steels
https://www.weldingandwelder.com/category/welding-consumables/tig-welding-supplies/tig-welding-rods/tig-filler-rods-for-titanium/,/tig-welding/filler-rods/titanium,exact,high,Item match: Titanium
https://www.weldingandwelder.com/category/welding-fume-extraction/kemper-fume-extraction-equipment/,/safety/fume/kemper-mobile,exact,high,Column-level href ([Parent])
https://www.weldingandwelder.com/category/welding-fume-extraction/kemper-fume-extraction-equipment/kemper-fume-extraction-spares/,/safety/fume/kemper-spares,exact,high,Item match: Kemper Spares & Accessories
https://www.weldingandwelder.com/category/plasma-cutters-gas-cutting/plasma-cutting-equipment/plasma-torch-spares/thermal-dynamics-compat-spares/thermal-dynamics-type-pch-51/,/cutting/plasma/thermal-dynamics/thermal-dynamics-type-pch-51,exact,high,Subcategory override: 'Thermal Dynamics Type PCH-51' → /cutting/plasma/thermal-dynamics/thermal-dynamics-type-pch-51
https://www.weldingandwelder.com/category/plasma-cutters-gas-cutting/plasma-cutting-equipment/plasma-torch-spares/thermal-dynamics-compat-spares/thermal-dynamics-type-pch-70/,/cutting/plasma/thermal-dynamics/thermal-dynamics-type-pch-70,exact,high,Subcategory override: 'Thermal Dynamics Type PCH-70' → /cutting/plasma/thermal-dynamics/thermal-dynamics-type-pch-70
https://www.weldingandwelder.com/category/welding-tools-benches/magswitch-magnetic-positioners/,/workshop/positioners,exact,high,Item match: Magnetic Welding Positioners
https://www.weldingandwelder.com/category/pipe-stands-pipe-clamps/pipe-welding-tools-accessories/weld-backing-tape/purge-gas-retaining-tape/,/workshop/pipe/purging/purge-gas-retaining-tape,exact,high,Subcategory override: 'Purge Gas Retaining Tape' → /workshop/pipe/purging/purge-gas-retaining-tape
https://www.weldingandwelder.com/category/air-tools-air-compressors/air-tools/air-rachet-wrenches/,/workshop/air-tools/ratchet-wrenches,exact,high,Item match: Air Ratchet Wrenches
https://www.weldingandwelder.com/category/air-tools-air-compressors/air-tool-accessories/recoil-air-hoses-upvc/,/workshop/air-tools/hoses/recoil-air-hoses-upvc,exact,high,Subcategory override: 'Recoil Air Hoses (uPVC)' → /workshop/air-tools/hoses/recoil-air-hoses-upvc
https://www.weldingandwelder.com/category/pipe-stands-pipe-clamps/pipe-welding-stands/,/workshop/pipe/stands/pipe-stands,exact,high,Subcategory override: 'Pipe Stands' → /workshop/pipe/stands/pipe-stands
https://www.weldingandwelder.com/category/pipe-stands-pipe-clamps/pipe-welding-clamps/e-z-fit-gold-pipe-alignment-clamps/,/workshop/pipe/clamps/ez-fit,exact,high,Item match: E-Z Fit Clamps
https://www.weldingandwelder.com/category/pipe-stands-pipe-clamps/pipe-welding-clamps/chain-pipe-alignment-clamps/double-chain-pipe-clamps/,/workshop/pipe/clamps/chain/double-chain-pipe-clamps,exact,high,Subcategory override: 'Double Chain Pipe Clamps' → /workshop/pipe/clamps/chain/double-chain-pipe-clamps
https://www.weldingandwelder.com/category/pipe-stands-pipe-clamps/pipe-welding-tools-accessories/pipe-measuring-marking-tools/radius-markers/,/workshop/pipe/measuring/radius-markers,exact,high,Subcategory override: 'Radius Markers' → /workshop/pipe/measuring/radius-markers
https://www.weldingandwelder.com/category/pipe-stands-pipe-clamps/pipe-cutting-equipment/pipe-saws/exact-pipe-saws-pipe-saws/exact-pipecut-for-cutting-spiral-ducting/,/workshop/pipe/saws/exact/exact-pipecut-for-cutting-spiral-ducting,exact,high,Subcategory override: 'Exact PipeCut for Cutting Spiral Ducting' → /workshop/pipe/saws/exact/exact-pipecut-for-cutting-spiral-ducting
https://www.weldingandwelder.com/category/pipe-stands-pipe-clamps/pipe-welding-tools-accessories/drain-test-plugs/hollow-bore-drain-test-plugs/,/workshop/pipe/drain-plugs/hollow-bore-drain-test-plugs,exact,high,Subcategory override: 'Hollow Bore Drain Test Plugs' → /workshop/pipe/drain-plugs/hollow-bore-drain-test-plugs
https://www.weldingandwelder.com/category/gas-welding-equipment/gas-flow-components/gas-economisers-flowmeters/gas-economisers-oxynatural-gas/,/gas-oxy-fuel/economisers/gas-economisers-oxy-acetylene,exact,high,Subcategory override: 'Gas Economisers - Oxy/Acetylene' → /gas-oxy-fuel/economisers/gas-economisers-oxy-acetylene
https://www.weldingandwelder.com/category/pipe-stands-pipe-clamps/pipe-welding-tools-accessories/pipe-wrap/,/workshop/pipe/pipe-wrap,exact,high,Item match: Pipe Wrap
https://www.weldingandwelder.com/category/pipe-stands-pipe-clamps/weld-purging-equipment/purge-dams-pre-formed/,/workshop/pipe/purging/pre-formed-self-adhesive-purge-dams,exact,high,Subcategory override: 'Pre-formed Self Adhesive Purge Dams' → /workshop/pipe/purging/pre-formed-self-adhesive-purge-dams
https://www.weldingandwelder.com/category/pipe-stands-pipe-clamps/pipe-welding-clamps/gold-bridge-alignment-clamps/,/workshop/pipe/clamps/bridge/gold-bridge-alignment-clamps,exact,high,Subcategory override: 'Gold Bridge Alignment Clamps' → /workshop/pipe/clamps/bridge/gold-bridge-alignment-clamps
https://www.weldingandwelder.com/category/pipe-stands-pipe-clamps/pipe-cutting-equipment/pipe-cutting-machines/magnetic-pipe-cutting-machines/,/workshop/pipe/cutting-machines/magnetic-pipe-cutting-machines,exact,high,Subcategory override: 'Magnetic Pipe Cutting Machines' → /workshop/pipe/cutting-machines/magnetic-pipe-cutting-machines
https://www.weldingandwelder.com/category/welding-consumables/tig-welding-supplies/tig-welding-rods/tig-filler-rods-for-magnesium/,/tig-welding/filler-rods/magnesium,exact,high,Item match: Magnesium
https://www.weldingandwelder.com/category/metal-saws-mag-drills/metal-cut-off-saws-chop-saws/chop-saws-cut-off-saws/,/machines/saws/chop,exact,high,Item match: Chop Saws / Cut-Off Saws
https://www.weldingandwelder.com/category/air-tools-air-compressors/air-tools/air-riveters/,/workshop/air-tools/riveters,exact,high,Item match: Air Riveters
https://www.weldingandwelder.com/category/metal-saws-mag-drills/metal-cut-off-saws-chop-saws/circular-saws/,/machines/saws/circular,exact,high,Item match: Circular Saws
https://www.weldingandwelder.com/category/plasma-cutters-gas-cutting/carbon-arc-gouging/,/arc-mma/accessories/carbon-arc-air-gouging-equipment,exact,high,Subcategory override: 'Carbon Arc-Air Gouging Equipment' → /arc-mma/accessories/carbon-arc-air-gouging-equipment
https://www.weldingandwelder.com/category/welding-tools-benches/,/workshop/benches/welding-tools-and-benches,exact,high,Subcategory override: 'Welding Tools & Benches' → /workshop/benches/welding-tools-and-benches
https://www.weldingandwelder.com/category/welding-consumables/mig-welding-supplies/mig-torches-consumables/,/mig-welding/torches/mig-torches-and-consumables,exact,high,Subcategory override: 'MIG Torches & Consumables' → /mig-welding/torches/mig-torches-and-consumables
https://www.weldingandwelder.com/category/welding-consumables/mig-welding-supplies/mig-torches-consumables/binzle-style-mig-torch-consumables/binzle-style-mig-consumables/,/mig-welding/torches/binzel-consumables/binzle-style-mig-consumables,exact,high,Subcategory override: 'Binzle-Style MIG Consumables' → /mig-welding/torches/binzel-consumables/binzle-style-mig-consumables
https://www.weldingandwelder.com/category/welding-consumables/tig-welding-supplies/tig-welding-rods/,/tig-welding/filler-rods/tig-welding-rods,exact,high,Subcategory override: 'TIG Welding Rods' → /tig-welding/filler-rods/tig-welding-rods
https://www.weldingandwelder.com/category/plasma-cutters-gas-cutting/plasma-cutting-equipment/plasma-cutting-torches/,/cutting/plasma/torches,exact,high,Item match: Plasma Cutting Torches
https://www.weldingandwelder.com/category/gas-welding-equipment/gas-control-outlet-pointspanels/,/gas-oxy-fuel/regulators/gas-control-outlet-points-panels,exact,high,Subcategory override: 'Gas Control Outlet Points/Panels' → /gas-oxy-fuel/regulators/gas-control-outlet-points-panels
https://www.weldingandwelder.com/category/welding-equipment/weld-cleaning-machines/stainless-steel-weld-cleaning/,/tig-welding/weld-cleaning/stainless-steel-weld-cleaning-equipment,exact,high,Subcategory override: 'Stainless Steel Weld Cleaning Equipment' → /tig-welding/weld-cleaning/stainless-steel-weld-cleaning-equipment
https://www.weldingandwelder.com/category/pipe-stands-pipe-clamps/weld-purging-equipment/inflatable-purge-systems/inflatable-purge-bag-systems/,/workshop/pipe/purging/inflatable-purge-bag-systems,exact,high,Subcategory override: 'Inflatable Purge Bag Systems' → /workshop/pipe/purging/inflatable-purge-bag-systems
https://www.weldingandwelder.com/category/metal-saws-mag-drills/metal-cut-off-saws-chop-saws/,/cutting/plasma/metal-saws-and-magnetic-drills,exact,high,Subcategory override: 'Metal Saws & Magnetic Drills' → /cutting/plasma/metal-saws-and-magnetic-drills
https://www.weldingandwelder.com/category/pipe-stands-pipe-clamps/pipe-cutting-equipment/pipe-saws/,/workshop/pipe/cutting/pipe-saws,exact,high,Subcategory override: 'Pipe Saws' → /workshop/pipe/cutting/pipe-saws
https://www.weldingandwelder.com/category/plasma-cutters-gas-cutting/cutting-nozzles-gouging-nozzles/oxy-propane-gouging-nozzles-pgnm/,/cutting/nozzles/pgnm,exact,high,Item match: Oxy Propane Gouging Nozzles PGNM
https://www.weldingandwelder.com/category/welding-equipment/oxy-acetylene-cutting-welding/oxy-fuel-nozzles/welding-nozzles/,/gas-oxy-fuel/nozzles/welding/welding-nozzles,exact,high,Subcategory override: 'Welding Nozzles' → /gas-oxy-fuel/nozzles/welding/welding-nozzles
https://www.weldingandwelder.com/category/welding-equipment/oxy-acetylene-cutting-welding/oxy-fuel-nozzles/welding-nozzles/hd-welding-nozzles-oxyacetylene/,/gas-oxy-fuel/nozzles/welding/hd-welding-nozzles-oxy-acetylene,exact,high,Subcategory override: 'HD Welding Nozzles - Oxy/Acetylene' → /gas-oxy-fuel/nozzles/welding/hd-welding-nozzles-oxy-acetylene
https://www.weldingandwelder.com/category/pipe-stands-pipe-clamps/pipe-welding-tools-accessories/pipe-measuring-marking-tools/contour-markers/,/workshop/pipe/measuring/contour-markers,exact,high,Subcategory override: 'Contour Markers' → /workshop/pipe/measuring/contour-markers
https://www.weldingandwelder.com/category/welding-consumables/tig-welding-supplies/tig-welding-rods/tig-filler-rods-for-duplex-stainless-steel/,/tig-welding/filler-rods/duplex,exact,high,Item match: Duplex Stainless Steel
https://www.weldingandwelder.com/category/pipe-stands-pipe-clamps/pipe-cutting-equipment/pipe-saws/exact-pipe-saws-pipe-saws/exact-saw-blades/,/workshop/pipe/saws/exact/exact-saw-blades,exact,high,Subcategory override: 'Exact Saw Blades' → /workshop/pipe/saws/exact/exact-saw-blades
https://www.weldingandwelder.com/category/gas-welding-equipment/gas-cylinder-storage-handling/gas-cylinder-trolleys-handling/,/gas-oxy-fuel/storage/trolleys/gas-cylinder-trolleys-and-handling,exact,high,Subcategory override: 'Gas Cylinder Trolleys & Handling' → /gas-oxy-fuel/storage/trolleys/gas-cylinder-trolleys-and-handling
https://www.weldingandwelder.com/category/gas-welding-equipment/gas-cylinder-storage-handling/gas-cylinder-trolleys-handling/gas-cylinder-trolleys/gas-cylinder-trolleys-reflex-uk/,/gas-oxy-fuel/storage/trolleys/gas-cylinder-trolleys-reflex-uk,exact,high,Subcategory override: 'Gas Cylinder Trolleys - Reflex UK' → /gas-oxy-fuel/storage/trolleys/gas-cylinder-trolleys-reflex-uk
https://www.weldingandwelder.com/category/welding-fume-extraction/on-torch-fume-extraction-torches-and-spares/,/safety/fume/on-torch,exact,high,Column fallback for item 'On-Torch Fume Extraction'
https://www.weldingandwelder.com/category/pipe-stands-pipe-clamps/pipe-welding-tools-accessories/drain-test-plugs/nylon-drain-test-plugs/,/workshop/pipe/drain-plugs/nylon-drain-test-plugs,exact,high,Subcategory override: 'Nylon Drain Test Plugs' → /workshop/pipe/drain-plugs/nylon-drain-test-plugs
https://www.weldingandwelder.com/category/plasma-cutters-gas-cutting/plasma-cutting-equipment/plasma-torch-spares/weldability-plasma-cutter-spares/sif-weld-cut-40-spares/,/cutting/plasma/sif-weld-cut-40-spares,exact,high,Item match: Sif Weld Cut 40 Spares
https://www.weldingandwelder.com/category/plasma-cutters-gas-cutting/gas-cutting-machines-oxy-fuel/,/cutting/machines/gas-oxy,exact,high,Item match: Gas Cutting Machines (Oxy-Fuel)
https://www.weldingandwelder.com/category/pipe-stands-pipe-clamps/weld-purging-equipment/double-seal-weld-purging/double-seal-kits-complete/,/workshop/pipe/purging/double-seal-kits-complete,exact,high,Subcategory override: 'Double Seal Kits Complete' → /workshop/pipe/purging/double-seal-kits-complete
https://www.weldingandwelder.com/category/pipe-stands-pipe-clamps/pipe-welding-clamps/black-bridge-clamps/,/workshop/pipe/clamps/bridge/black-bridge-clamps,exact,high,Subcategory override: 'Black Bridge Clamps' → /workshop/pipe/clamps/bridge/black-bridge-clamps
https://www.weldingandwelder.com/category/welding-equipment/oxy-acetylene-cutting-welding/oxy-fuel-nozzles/welding-nozzles/dh-welding-nozzles-oxyacetylene/,/gas-oxy-fuel/nozzles/welding/dh-welding-nozzles-oxy-acetylene,exact,high,Subcategory override: 'DH Welding Nozzles - Oxy/Acetylene' → /gas-oxy-fuel/nozzles/welding/dh-welding-nozzles-oxy-acetylene
https://www.weldingandwelder.com/category/welding-fume-extraction/kemper-clean-air-system/air-purifying-systems/,/safety/fume/kemper-air-purifying/air-purifying-systems,exact,high,Subcategory override: 'Air Purifying Systems' → /safety/fume/kemper-air-purifying/air-purifying-systems
https://www.weldingandwelder.com/category/air-tools-air-compressors/air-compressors/low-noise-compressors/,/workshop/compressors/low-noise,exact,high,Item match: Low Noise Compressors
https://www.weldingandwelder.com/category/welding-consumables/mma-arc-welding-supplies/,/arc-mma/welders/mma-arc-welding-supplies,exact,high,Subcategory override: 'MMA/ARC Welding Supplies' → /arc-mma/welders/mma-arc-welding-supplies
https://www.weldingandwelder.com/category/gas-welding-equipment/,/gas-oxy-fuel/equipment,exact,high,Column-level href ([Parent])
https://www.weldingandwelder.com/category/gas-welding-equipment/gas-cylinder-storage-handling/,/gas-oxy-fuel/hoses,exact,high,Column-level href ([Parent])
https://www.weldingandwelder.com/category/pipe-stands-pipe-clamps/weld-purging-equipment/,/workshop/pipe/purging,exact,high,Item match: Pipe Purging Equipment
https://www.weldingandwelder.com/category/pipe-stands-pipe-clamps/pipe-welding-tools-accessories/,/workshop/pipe/accessories/pipe-welding-tools-and-accessories,exact,high,Subcategory override: 'Pipe Welding Tools & Accessories' → /workshop/pipe/accessories/pipe-welding-tools-and-accessories
https://www.weldingandwelder.com/category/pipe-stands-pipe-clamps/pipe-welding-stands/v-head-stands/,/workshop/pipe/stands/v-head/v-head-stands,exact,high,Subcategory override: 'V Head Stands' → /workshop/pipe/stands/v-head/v-head-stands
https://www.weldingandwelder.com/category/gas-welding-equipment/gas-hose-and-regulator-fittings/hose-fittings/,/gas-oxy-fuel/fittings/hose-fittings,exact,high,Subcategory override: 'Hose Fittings' → /gas-oxy-fuel/fittings/hose-fittings
https://www.weldingandwelder.com/category/gas-welding-equipment/gas-hose-and-regulator-fittings/cylinder-fittings/,/gas-oxy-fuel/cylinder-fittings/cylinder-fittings,exact,high,Subcategory override: 'Cylinder Fittings' → /gas-oxy-fuel/cylinder-fittings/cylinder-fittings
https://www.weldingandwelder.com/category/gas-welding-equipment/gas-flow-components/,/gas-oxy-fuel/regulators/gas-flow-components,exact,high,Subcategory override: 'Gas Flow Components' → /gas-oxy-fuel/regulators/gas-flow-components
https://www.weldingandwelder.com/category/welding-equipment/oxy-acetylene-cutting-welding/oxy-fuel-torches/,/gas-oxy-fuel/equipment,exact,high,Column-level href ([Parent])
https://www.weldingandwelder.com/category/welding-equipment/oxy-acetylene-cutting-welding/oxy-fuel-nozzles/,/cutting/nozzles/oxy-fuel-nozzles,exact,high,Subcategory override: 'Oxy Fuel Nozzles' → /cutting/nozzles/oxy-fuel-nozzles
https://www.weldingandwelder.com/category/pipe-stands-pipe-clamps/pipe-cutting-equipment/pipe-saws/gbc-pipe-saws/,/workshop/pipe/saws/gbc,exact,high,Item match: GBC Pipe Saws
